student_id,gender,board,school_type,area,class,parent_education,family_income,siblings,single_parent,study_hours_per_day,tuition,internet_access,library_use,attendance_pct,prev_year_pct,math_marks,science_marks,english_marks,hindi_marks,social_marks,total_marks,percentage,sports,cultural_activity,at_risk
1001,Male,CBSE,Government,Semi-Urban,10,3,3,1,0,0,0,0,0,57,90,37,28,27,25,38,155,31.0,0,0,1
1002,Female,CBSE,Government,Rural,9,2,1,0,1,2,0,1,0,71,34,33,36,11,31,19,130,26.0,0,0,1
1003,Female,State Board,Private,Urban,12,2,2,1,0,4,0,1,1,73,71,44,34,22,23,16,139,27.8,0,1,1
1004,Female,State Board,Government,Semi-Urban,9,0,3,0,0,2,1,1,0,64,65,22,49,17,26,23,137,27.4,1,1,1
1005,Male,State Board,Government,Semi-Urban,11,2,2,0,0,3,1,1,0,63,79,32,23,30,31,36,152,30.4,1,0,1
1006,Male,ICSE,Private,Rural,11,2,2,2,1,4,1,1,1,74,51,33,29,37,18,24,141,28.2,1,0,1
1007,Male,ICSE,Government,Rural,12,3,3,2,0,4,1,1,1,62,49,18,27,44,27,31,147,29.4,0,0,1
1008,Female,State Board,Private,Urban,9,0,2,3,0,1,1,0,1,63,52,37,9,12,0,28,86,17.2,1,0,1
1009,Female,CBSE,Government,Semi-Urban,12,3,2,2,0,4,1,1,1,79,54,35,31,53,53,32,204,40.8,0,0,1
1010,Female,CBSE,Private,Urban,9,4,3,2,1,5,0,1,1,65,79,39,38,22,26,25,150,30.0,0,0,1
1011,Male,CBSE,Government,Semi-Urban,10,1,1,0,1,1,0,0,1,76,43,15,25,29,36,17,122,24.4,1,1,1
1012,Female,State Board,Government,Urban,11,2,5,2,1,2,1,0,0,77,53,16,50,20,29,43,158,31.6,0,1,1
1013,Female,State Board,Private,Urban,12,1,4,2,0,5,0,0,0,88,32,26,35,20,37,48,166,33.2,1,1,1
1014,Male,CBSE,Government,Urban,10,3,4,2,0,3,0,1,1,92,83,40,47,27,32,16,162,32.4,1,0,1
1015,Male,State Board,Private,Semi-Urban,10,3,1,1,0,0,1,0,0,66,87,35,27,25,30,38,155,31.0,1,1,1
1016,Male,State Board,Government,Urban,12,2,4,1,1,1,1,1,2,74,59,29,43,31,34,29,166,33.2,0,0,1
1017,Male,CBSE,Government,Semi-Urban,12,2,4,2,0,3,0,1,2,72,59,33,52,34,36,38,193,38.6,0,0,0
1018,Female,ICSE,Private,Semi-Urban,10,4,4,2,0,1,1,1,0,84,73,31,38,22,42,28,161,32.2,0,1,1
1019,Male,State Board,Government,Urban,9,1,1,3,0,2,1,1,0,77,91,36,20,19,27,12,114,22.8,0,0,1
1020,Male,CBSE,Private,Rural,10,0,3,1,0,3,0,1,0,66,72,43,21,17,23,33,137,27.4,1,0,1
1021,Female,ICSE,Private,Urban,12,4,4,1,0,5,0,1,0,75,52,44,38,32,20,26,160,32.0,1,0,1
1022,Male,CBSE,Private,Semi-Urban,10,3,3,1,0,3,1,0,0,68,35,38,33,25,35,15,146,29.2,0,0,1
1023,Male,State Board,Private,Semi-Urban,9,4,3,2,0,5,0,1,1,89,44,39,41,24,47,22,173,34.6,1,1,1
1024,Male,State Board,Government,Urban,11,3,3,1,0,5,0,1,2,79,66,23,40,37,53,42,195,39.0,1,1,1
1025,Male,State Board,Government,Urban,11,4,3,0,0,5,1,1,1,84,53,31,39,60,44,41,215,43.0,0,1,1
1026,Female,CBSE,Government,Urban,10,2,1,3,0,3,1,1,0,71,68,35,22,23,22,37,139,27.8,0,1,1
1027,Male,State Board,Private,Rural,9,3,3,0,0,0,0,0,0,63,55,23,26,17,6,29,101,20.2,0,1,1
1028,Male,State Board,Private,Semi-Urban,11,4,1,2,0,4,0,1,1,69,45,34,46,32,39,24,175,35.0,1,1,1
1029,Female,CBSE,Government,Semi-Urban,10,3,3,1,0,5,0,0,2,78,43,51,43,25,16,32,167,33.4,0,0,1
1030,Male,State Board,Private,Semi-Urban,10,1,2,2,0,3,1,1,2,69,93,41,38,38,30,28,175,35.0,1,1,1
1031,Female,CBSE,Government,Urban,9,2,3,2,0,6,0,1,2,93,81,55,50,31,39,39,214,42.8,0,0,1
1032,Male,ICSE,Private,Semi-Urban,12,1,1,3,0,4,1,1,1,66,96,36,29,50,33,24,172,34.4,1,1,1
1033,Male,CBSE,Private,Rural,10,1,3,3,0,4,1,0,1,72,74,26,27,34,34,37,158,31.6,0,0,1
1034,Female,CBSE,Private,Urban,12,2,4,0,0,5,0,1,0,95,57,39,30,30,40,49,188,37.6,1,1,1
1035,Female,CBSE,Private,Urban,12,3,2,0,1,4,1,1,1,85,88,32,37,31,16,31,147,29.4,1,1,1
1036,Female,ICSE,Government,Urban,11,3,1,1,0,0,1,0,0,76,64,42,21,19,27,39,148,29.6,0,1,1
1037,Male,CBSE,Government,Semi-Urban,12,2,1,2,0,2,1,1,1,65,68,36,39,39,5,28,147,29.4,1,1,1
1038,Male,State Board,Government,Rural,9,3,4,2,0,5,0,1,1,51,64,38,26,17,39,34,154,30.8,1,0,1
1039,Female,CBSE,Government,Urban,11,1,3,1,0,2,1,1,0,82,20,38,16,17,20,8,99,19.8,1,0,1
1040,Male,CBSE,Government,Semi-Urban,11,1,3,2,0,3,1,1,0,90,93,18,56,29,16,19,138,27.6,0,0,1
1041,Male,CBSE,Private,Urban,11,1,1,1,0,1,1,1,0,75,73,34,22,25,19,28,128,25.6,0,0,1
1042,Male,State Board,Private,Rural,10,2,3,2,0,6,0,1,0,58,70,22,35,29,29,42,157,31.4,1,0,1
1043,Male,CBSE,Private,Urban,10,1,4,3,0,6,1,1,0,55,63,35,38,17,46,27,163,32.6,1,0,1
1044,Female,ICSE,Government,Semi-Urban,12,2,4,1,1,2,0,1,0,65,67,24,14,20,28,43,129,25.8,0,0,1
1045,Male,State Board,Private,Semi-Urban,11,2,3,1,0,3,0,1,0,78,54,37,41,26,33,36,173,34.6,1,1,1
1046,Female,ICSE,Private,Semi-Urban,11,4,1,0,0,2,1,0,0,95,76,40,42,28,49,28,187,37.4,0,1,1
1047,Male,CBSE,Government,Semi-Urban,9,0,1,2,0,4,1,0,2,81,41,43,43,33,28,28,175,35.0,1,0,1
1048,Female,CBSE,Private,Urban,12,3,1,1,0,4,1,0,0,83,68,31,29,43,44,61,208,41.6,0,0,1
1049,Female,State Board,Private,Urban,9,3,2,1,1,4,1,1,0,75,75,43,35,32,42,22,174,34.8,0,0,1
1050,Male,CBSE,Government,Urban,12,3,1,1,0,3,1,1,1,69,61,34,31,31,18,36,150,30.0,0,0,1
1051,Female,State Board,Private,Urban,12,4,2,1,1,7,1,1,2,94,71,30,47,21,60,42,200,40.0,0,0,1
1052,Female,CBSE,Private,Semi-Urban,10,0,2,1,0,1,1,0,1,82,47,16,9,19,11,31,86,17.2,0,0,1
1053,Female,State Board,Government,Urban,10,1,5,2,0,0,1,1,0,53,47,20,21,29,30,33,133,26.6,0,0,1
1054,Female,State Board,Private,Urban,9,4,3,0,0,2,1,1,1,73,69,46,19,28,19,30,142,28.4,0,0,1
1055,Female,State Board,Private,Semi-Urban,12,2,4,2,0,1,1,1,1,71,77,35,32,20,36,41,164,32.8,0,0,1
1056,Female,CBSE,Private,Rural,11,3,4,2,0,1,1,1,1,64,31,13,2,45,42,46,148,29.6,1,0,1
1057,Male,State Board,Private,Semi-Urban,10,3,1,1,0,1,1,1,1,85,74,31,12,47,29,31,150,30.0,0,1,1
1058,Male,CBSE,Government,Urban,11,3,4,0,0,2,1,0,2,73,55,53,39,35,30,39,196,39.2,0,1,1
1059,Male,CBSE,Private,Urban,9,4,2,2,0,2,0,0,2,79,61,31,23,38,35,23,150,30.0,1,0,1
1060,Male,ICSE,Private,Rural,10,4,3,3,0,4,0,0,1,83,40,29,20,7,28,31,115,23.0,1,0,1
1061,Male,State Board,Government,Urban,10,3,2,1,0,2,1,1,1,68,49,34,40,18,46,26,164,32.8,1,0,1
1062,Male,State Board,Private,Urban,12,2,5,1,0,3,0,1,1,98,82,47,40,31,40,46,204,40.8,0,0,1
1063,Female,State Board,Private,Semi-Urban,9,4,2,1,0,4,0,1,2,73,65,30,41,29,31,45,176,35.2,1,0,1
1064,Male,CBSE,Private,Semi-Urban,12,0,2,2,0,2,1,1,0,80,58,33,25,20,22,26,126,25.2,1,0,1
1065,Male,CBSE,Government,Semi-Urban,10,1,5,1,0,3,0,1,2,72,62,28,56,3,21,45,153,30.6,0,0,1
1066,Female,State Board,Private,Urban,9,4,1,1,1,4,0,0,0,81,73,42,27,35,28,48,180,36.0,1,0,1
1067,Male,CBSE,Government,Urban,10,2,3,2,1,0,1,0,1,79,72,28,43,30,23,34,158,31.6,0,1,1
1068,Female,CBSE,Government,Rural,9,1,4,2,0,0,1,1,2,69,63,30,23,39,20,19,131,26.2,0,0,1
1069,Male,CBSE,Government,Urban,10,1,4,1,1,4,1,1,0,67,84,28,17,24,28,28,125,25.0,0,0,1
1070,Female,CBSE,Government,Semi-Urban,11,4,5,1,0,4,1,1,1,63,82,32,43,28,61,31,195,39.0,1,0,1
1071,Female,CBSE,Private,Semi-Urban,11,2,5,2,0,6,1,1,0,100,72,56,47,15,35,54,207,41.4,0,0,1
1072,Male,CBSE,Private,Semi-Urban,12,3,1,0,0,3,1,0,0,75,65,33,22,28,35,21,139,27.8,0,1,1
1073,Male,CBSE,Government,Urban,11,1,4,0,0,4,1,1,0,81,76,42,28,45,44,45,204,40.8,0,1,1
1074,Female,CBSE,Private,Urban,10,3,3,2,0,3,0,1,0,63,70,27,28,21,36,18,130,26.0,0,0,1
1075,Female,State Board,Private,Semi-Urban,10,3,3,0,0,3,0,0,0,77,84,45,38,54,35,43,215,43.0,0,1,0
1076,Female,CBSE,Private,Rural,11,2,1,2,0,6,1,1,2,68,81,33,12,33,36,38,152,30.4,1,1,1
1077,Female,CBSE,Government,Rural,12,2,3,3,0,0,1,1,2,69,46,21,31,22,26,35,135,27.0,0,0,1
1078,Male,ICSE,Private,Urban,11,1,5,1,0,4,1,0,0,52,45,38,24,14,32,41,149,29.8,1,0,1
1079,Male,CBSE,Private,Urban,9,4,5,1,1,6,1,0,1,81,52,54,26,41,39,55,215,43.0,0,1,1
1080,Male,State Board,Private,Rural,9,3,3,2,0,3,1,1,0,58,82,29,41,11,18,47,146,29.2,0,0,1
1081,Female,State Board,Government,Semi-Urban,9,4,1,2,0,5,1,1,0,78,36,54,32,38,29,35,188,37.6,0,0,1
1082,Female,CBSE,Government,Rural,11,2,2,3,0,2,1,1,0,54,72,30,38,32,15,14,129,25.8,0,0,1
1083,Male,CBSE,Private,Urban,11,3,4,2,0,3,0,1,2,71,71,22,35,43,25,21,146,29.2,0,1,1
1084,Male,State Board,Private,Semi-Urban,11,3,4,0,0,3,1,1,2,77,85,44,38,26,39,18,165,33.0,1,1,1
1085,Male,State Board,Private,Semi-Urban,9,3,3,2,0,0,0,0,0,69,68,21,21,24,27,13,106,21.2,1,1,1
1086,Male,CBSE,Private,Semi-Urban,12,4,1,1,0,1,1,1,0,75,40,31,30,30,44,26,161,32.2,0,1,1
1087,Female,ICSE,Government,Semi-Urban,10,2,3,1,0,1,1,1,0,63,47,25,20,27,19,19,110,22.0,0,1,1
1088,Female,CBSE,Private,Urban,11,1,3,0,0,4,1,1,1,61,43,31,20,19,38,28,136,27.2,0,1,1
1089,Female,State Board,Private,Semi-Urban,12,3,5,1,0,4,1,1,1,90,55,31,44,12,42,44,173,34.6,1,1,1
1090,Male,CBSE,Government,Urban,10,3,3,2,0,3,1,1,0,62,61,41,28,32,44,27,172,34.4,1,1,1
1091,Male,State Board,Private,Semi-Urban,10,3,2,1,0,4,1,0,2,78,44,23,33,29,39,22,146,29.2,0,0,1
1092,Female,ICSE,Private,Rural,10,1,3,1,1,3,1,1,0,77,91,24,44,26,24,33,151,30.2,0,1,1
1093,Female,ICSE,Government,Urban,12,2,1,1,0,5,1,1,2,68,41,36,29,37,14,22,138,27.6,1,1,1
1094,Female,CBSE,Private,Rural,12,2,5,2,1,3,1,0,1,61,89,50,32,31,37,30,180,36.0,0,1,1
1095,Female,CBSE,Government,Urban,9,2,2,2,0,3,1,1,1,77,86,32,28,19,30,48,157,31.4,0,1,1
1096,Male,CBSE,Private,Semi-Urban,12,3,3,1,1,3,0,0,2,91,81,43,38,13,25,32,151,30.2,0,1,1
1097,Female,CBSE,Private,Rural,12,3,2,1,0,4,1,1,2,58,52,43,34,18,19,48,162,32.4,1,1,1
1098,Male,CBSE,Private,Urban,12,1,3,1,0,2,1,1,0,78,71,40,39,53,33,45,210,42.0,1,0,0
1099,Male,State Board,Private,Urban,10,2,3,3,1,4,1,0,0,62,42,24,20,32,42,21,139,27.8,1,0,1
1100,Male,CBSE,Government,Semi-Urban,11,2,4,2,0,1,1,1,2,71,81,20,25,30,26,19,120,24.0,1,0,1
1101,Male,CBSE,Private,Urban,9,1,2,1,0,1,1,1,0,80,63,6,35,24,34,27,126,25.2,0,0,1
1102,Female,State Board,Private,Semi-Urban,11,3,2,2,0,4,1,1,0,71,57,31,35,28,32,44,170,34.0,0,0,1
1103,Male,State Board,Government,Rural,11,4,1,1,0,3,1,0,1,60,42,41,18,38,15,23,135,27.0,0,0,1
1104,Male,State Board,Private,Semi-Urban,12,2,3,2,1,2,1,0,2,65,20,10,33,15,28,30,116,23.2,1,0,1
1105,Female,State Board,Private,Urban,9,3,1,1,0,4,0,1,2,80,46,38,12,34,20,42,146,29.2,1,1,1
1106,Male,CBSE,Government,Semi-Urban,11,4,3,1,0,2,1,0,2,85,85,29,44,31,38,29,171,34.2,0,0,1
1107,Male,CBSE,Private,Semi-Urban,11,4,4,1,0,3,0,1,1,69,57,33,18,49,28,24,152,30.4,0,1,1
1108,Female,State Board,Private,Urban,9,1,4,1,0,5,0,1,0,73,61,42,51,39,43,40,215,43.0,0,1,0
1109,Male,ICSE,Government,Semi-Urban,12,4,3,3,0,5,1,1,1,80,76,35,24,50,30,41,180,36.0,1,0,1
1110,Male,CBSE,Private,Semi-Urban,11,2,3,1,0,5,0,1,2,92,97,45,52,33,46,34,210,42.0,0,0,0
1111,Male,State Board,Government,Semi-Urban,10,2,1,2,0,3,1,1,0,60,88,28,30,40,23,28,149,29.8,0,1,1
1112,Male,CBSE,Government,Urban,11,1,3,2,0,5,1,1,0,73,47,41,28,27,28,32,156,31.2,0,1,1
1113,Female,CBSE,Government,Semi-Urban,10,2,4,1,1,2,1,1,0,77,30,29,27,25,0,10,91,18.2,0,0,1
1114,Female,CBSE,Private,Urban,12,1,2,0,0,2,1,1,1,78,100,37,40,49,56,42,224,44.8,1,0,0
1115,Female,ICSE,Private,Urban,11,1,3,1,0,0,0,1,2,55,100,41,15,12,30,19,117,23.4,1,0,1
1116,Female,ICSE,Government,Rural,9,2,4,2,0,6,1,0,1,70,68,47,30,39,32,11,159,31.8,1,0,1
1117,Female,CBSE,Government,Semi-Urban,9,4,4,1,0,2,0,0,2,90,42,24,36,33,20,30,143,28.6,1,0,1
1118,Male,State Board,Private,Urban,11,4,2,1,0,3,1,1,0,81,82,38,20,40,33,30,161,32.2,1,0,1
1119,Female,CBSE,Government,Urban,12,2,3,1,1,2,1,1,2,64,63,27,21,21,35,44,148,29.6,1,1,1
1120,Female,CBSE,Private,Urban,12,4,2,2,0,4,1,1,2,74,62,37,65,54,17,29,202,40.4,0,1,1
1121,Female,State Board,Private,Urban,9,4,1,1,1,2,1,1,0,97,81,62,25,20,34,24,165,33.0,1,1,1
1122,Female,State Board,Private,Urban,11,3,5,1,0,1,1,0,2,89,71,39,45,47,53,39,223,44.6,0,1,0
1123,Male,State Board,Private,Urban,12,1,4,1,0,4,1,1,0,86,43,14,27,44,23,27,135,27.0,1,1,1
1124,Male,State Board,Government,Semi-Urban,9,3,4,1,0,1,1,1,2,78,59,26,35,47,31,22,161,32.2,0,1,1
1125,Male,ICSE,Private,Semi-Urban,10,4,1,2,0,2,0,1,2,73,76,11,35,11,51,34,142,28.4,0,0,1
1126,Male,ICSE,Private,Semi-Urban,11,3,4,1,0,0,1,1,2,77,74,28,40,19,37,19,143,28.6,1,0,1
1127,Female,CBSE,Private,Semi-Urban,10,2,3,2,1,1,1,0,1,79,69,8,25,41,29,13,116,23.2,1,1,1
1128,Female,CBSE,Government,Urban,10,2,2,2,0,3,1,1,0,80,81,27,53,13,40,51,184,36.8,0,1,1
1129,Male,CBSE,Private,Rural,12,3,3,2,1,0,0,1,1,85,58,9,17,6,20,29,81,16.2,0,0,1
1130,Male,CBSE,Government,Rural,12,2,1,2,0,1,1,0,0,76,68,32,29,20,40,24,145,29.0,1,0,1
1131,Male,State Board,Government,Rural,12,1,4,1,0,3,0,1,2,50,20,21,22,21,16,20,100,20.0,1,1,1
1132,Male,CBSE,Government,Rural,11,2,3,1,0,2,0,1,2,67,56,30,14,40,6,31,121,24.2,0,0,1
1133,Male,CBSE,Private,Rural,10,4,2,2,0,6,1,1,2,77,78,42,38,37,39,51,207,41.4,1,0,0
1134,Male,CBSE,Private,Semi-Urban,11,4,2,1,1,6,1,1,0,86,57,27,40,31,31,32,161,32.2,0,1,1
1135,Female,ICSE,Private,Urban,12,1,2,2,0,2,1,0,2,73,56,33,22,28,24,30,137,27.4,0,0,1
1136,Male,CBSE,Private,Semi-Urban,10,4,1,1,0,4,1,1,2,100,46,57,61,39,35,32,224,44.8,1,1,1
1137,Male,State Board,Government,Semi-Urban,11,2,3,3,0,4,1,0,2,62,83,39,25,36,46,32,178,35.6,0,1,1
1138,Female,CBSE,Private,Semi-Urban,11,3,4,2,0,2,0,1,0,69,74,26,41,26,37,31,161,32.2,0,0,1
1139,Male,CBSE,Government,Semi-Urban,9,3,1,0,0,1,1,0,0,77,79,18,39,10,34,31,132,26.4,0,0,1
1140,Female,ICSE,Private,Urban,11,4,1,1,0,3,0,1,0,100,33,22,30,19,31,38,140,28.0,0,0,1
1141,Female,State Board,Private,Urban,12,4,3,2,0,3,1,1,1,71,62,39,24,45,23,38,169,33.8,0,0,1
1142,Male,CBSE,Private,Rural,11,2,4,2,0,2,0,1,1,67,59,38,18,26,5,11,98,19.6,0,1,1
1143,Male,ICSE,Private,Semi-Urban,10,4,2,1,0,4,0,0,2,90,59,39,29,30,37,22,157,31.4,0,0,1
1144,Male,ICSE,Government,Semi-Urban,11,1,2,2,0,2,1,1,0,74,53,35,8,36,35,23,137,27.4,0,0,1
1145,Male,CBSE,Private,Urban,9,3,3,1,0,1,0,1,0,76,58,34,16,13,26,44,133,26.6,0,0,1
1146,Male,State Board,Private,Urban,10,3,2,1,0,3,0,0,1,85,80,40,18,30,29,25,142,28.4,0,0,1
1147,Female,State Board,Private,Rural,10,3,1,2,0,4,1,1,2,72,30,23,41,28,34,26,152,30.4,1,0,1
1148,Male,ICSE,Government,Semi-Urban,9,2,4,2,0,1,0,1,2,85,96,35,37,25,31,26,154,30.8,1,1,1
1149,Male,State Board,Private,Rural,12,4,3,2,0,4,0,1,2,82,73,29,43,35,53,30,190,38.0,0,0,1
1150,Male,State Board,Private,Semi-Urban,10,1,3,2,0,0,1,1,1,83,64,27,31,22,39,27,146,29.2,1,0,1
1151,Female,State Board,Government,Semi-Urban,12,1,4,0,0,2,1,0,1,77,81,38,35,18,44,48,183,36.6,1,0,1
1152,Male,State Board,Government,Urban,10,3,3,2,0,3,1,1,2,77,38,48,44,30,38,34,194,38.8,1,1,1
1153,Male,ICSE,Private,Semi-Urban,10,2,2,1,0,2,1,1,1,84,53,18,23,15,17,22,95,19.0,0,0,1
1154,Male,ICSE,Private,Semi-Urban,12,4,2,1,0,2,1,0,0,80,62,38,33,32,40,60,203,40.6,1,1,1
1155,Female,ICSE,Government,Semi-Urban,10,2,1,1,0,6,1,1,0,74,89,57,47,52,45,41,242,48.4,0,0,0
1156,Male,State Board,Government,Semi-Urban,12,1,1,1,0,2,1,1,0,86,64,38,16,25,36,24,139,27.8,0,1,1
1157,Female,CBSE,Government,Rural,9,4,3,1,0,7,0,1,1,80,73,53,73,28,48,57,259,51.8,0,0,1
1158,Female,State Board,Government,Urban,12,2,4,1,0,4,1,1,0,59,54,39,31,29,37,27,163,32.6,0,1,1
1159,Male,State Board,Private,Rural,9,1,5,1,0,3,1,0,0,70,73,48,34,23,61,50,216,43.2,0,1,1
1160,Female,CBSE,Private,Urban,10,3,3,1,0,4,1,0,0,73,95,30,51,43,40,31,195,39.0,1,1,1
1161,Male,State Board,Private,Semi-Urban,12,2,2,2,0,7,0,1,1,76,82,27,48,36,50,54,215,43.0,1,0,1
1162,Female,CBSE,Private,Urban,10,3,1,1,0,2,0,0,0,84,63,30,28,44,24,31,157,31.4,0,1,1
1163,Female,CBSE,Government,Urban,12,2,4,1,0,1,1,1,1,81,77,11,33,42,40,45,171,34.2,0,1,1
1164,Female,State Board,Private,Semi-Urban,9,4,3,2,0,2,0,0,0,78,75,45,15,28,41,50,179,35.8,0,0,1
1165,Male,CBSE,Private,Urban,9,4,3,2,0,3,1,1,0,60,74,46,27,38,37,22,170,34.0,0,0,1
1166,Female,State Board,Private,Semi-Urban,12,3,4,2,0,0,1,1,1,70,85,26,34,24,47,42,173,34.6,1,1,1
1167,Male,State Board,Private,Rural,9,1,4,1,0,3,1,1,0,78,84,33,39,34,27,21,154,30.8,1,0,1
1168,Male,CBSE,Government,Urban,10,4,4,2,0,6,0,0,0,47,62,34,45,28,30,23,160,32.0,1,1,1
1169,Male,CBSE,Private,Rural,10,3,1,1,1,3,1,0,0,81,76,35,31,39,36,25,166,33.2,1,0,1
1170,Female,CBSE,Government,Semi-Urban,11,3,4,1,0,3,1,0,2,80,58,37,20,47,44,40,188,37.6,0,0,1
1171,Female,ICSE,Private,Semi-Urban,9,2,4,1,0,2,1,0,1,93,48,39,42,38,34,32,185,37.0,0,1,1
1172,Male,State Board,Government,Urban,10,4,2,2,0,4,0,1,0,73,60,31,46,39,45,30,191,38.2,0,0,1
1173,Male,ICSE,Government,Urban,12,3,3,1,1,2,0,1,0,54,63,34,32,32,18,25,141,28.2,0,1,1
1174,Male,CBSE,Private,Urban,9,1,2,0,0,6,1,1,2,84,35,41,33,39,25,41,179,35.8,1,1,1
1175,Female,ICSE,Government,Urban,10,2,5,1,0,6,0,1,1,87,80,37,52,28,46,49,212,42.4,0,1,1
1176,Male,CBSE,Private,Urban,9,4,1,2,0,3,1,1,1,89,20,43,62,44,29,40,218,43.6,0,1,1
1177,Female,State Board,Government,Semi-Urban,12,0,3,2,0,3,1,1,1,68,100,21,34,49,39,52,195,39.0,1,1,1
1178,Male,CBSE,Private,Rural,10,4,2,1,1,5,1,1,2,70,92,40,26,35,40,39,180,36.0,1,0,1
1179,Female,State Board,Private,Rural,11,3,4,2,0,5,1,1,2,64,60,47,29,30,33,30,169,33.8,0,1,1
1180,Male,CBSE,Private,Semi-Urban,11,3,2,1,0,2,0,1,1,71,65,21,33,32,27,34,147,29.4,1,0,1
1181,Male,State Board,Government,Urban,9,2,2,2,1,2,0,1,1,84,70,31,10,31,28,15,115,23.0,0,0,1
1182,Male,CBSE,Government,Urban,12,1,3,1,0,1,0,0,0,63,54,28,23,18,19,15,103,20.6,0,0,1
1183,Female,ICSE,Government,Urban,10,4,5,2,0,4,0,0,2,66,68,27,37,20,33,44,161,32.2,0,1,1
1184,Female,State Board,Government,Urban,12,2,2,1,0,4,1,1,1,63,62,32,47,33,28,31,171,34.2,0,0,1
1185,Male,CBSE,Private,Semi-Urban,10,3,1,2,0,1,0,0,0,65,63,22,35,27,32,11,127,25.4,1,0,1
1186,Female,State Board,Private,Semi-Urban,9,2,4,0,0,2,1,1,2,81,68,29,42,39,36,19,165,33.0,0,1,1
1187,Female,ICSE,Private,Urban,10,1,3,1,0,1,1,1,2,91,41,51,5,29,50,27,162,32.4,1,0,1
1188,Female,CBSE,Private,Urban,12,0,5,1,0,2,1,0,2,78,65,24,39,26,33,42,164,32.8,1,1,1
1189,Female,CBSE,Private,Rural,12,2,1,1,0,4,0,0,2,54,67,39,34,36,23,39,171,34.2,0,1,1
1190,Male,State Board,Private,Rural,9,4,3,0,1,2,0,1,2,78,67,27,32,29,57,31,176,35.2,1,0,1
1191,Male,CBSE,Government,Urban,12,2,2,2,0,3,0,1,0,91,61,21,13,24,35,51,144,28.8,0,0,1
1192,Female,ICSE,Private,Rural,10,2,2,1,1,1,1,0,2,63,85,29,19,24,37,26,135,27.0,0,1,1
1193,Female,CBSE,Private,Rural,9,2,3,2,0,3,0,1,2,65,58,34,15,8,33,25,115,23.0,1,0,1
1194,Female,ICSE,Private,Urban,10,2,3,2,0,3,1,1,0,85,69,45,13,30,41,8,137,27.4,1,0,1
1195,Male,CBSE,Government,Urban,12,2,4,2,1,2,1,1,0,91,88,52,34,40,41,30,197,39.4,0,0,1
1196,Male,State Board,Government,Semi-Urban,9,4,2,2,0,3,1,0,2,69,63,63,23,34,22,41,183,36.6,1,0,1
1197,Female,State Board,Private,Rural,10,2,3,2,0,3,1,1,0,56,68,33,55,43,34,45,210,42.0,0,0,0
1198,Female,State Board,Private,Rural,12,2,3,1,0,2,0,0,2,76,63,22,26,24,15,20,107,21.4,1,0,1
1199,Female,State Board,Private,Urban,12,1,5,2,0,1,1,1,0,87,87,39,45,36,32,38,190,38.0,0,1,1
1200,Female,CBSE,Government,Urban,11,4,2,1,0,6,1,1,0,75,60,39,23,45,33,50,190,38.0,0,0,1
1201,Female,State Board,Private,Semi-Urban,12,1,2,2,1,2,1,1,1,74,88,40,23,51,33,29,176,35.2,0,1,1
1202,Male,CBSE,Government,Semi-Urban,10,1,2,2,0,3,1,1,0,84,63,20,32,31,35,8,126,25.2,0,0,1
1203,Male,CBSE,Government,Urban,9,3,3,1,0,5,1,1,1,80,49,62,27,24,42,39,194,38.8,1,0,1
1204,Female,CBSE,Government,Rural,11,3,2,1,0,8,0,1,1,57,77,50,35,46,43,47,221,44.2,1,1,0
1205,Female,CBSE,Private,Semi-Urban,12,2,5,1,0,1,0,0,0,80,59,12,25,45,22,18,122,24.4,0,1,1
1206,Male,State Board,Private,Rural,12,2,2,2,0,4,0,1,0,56,76,23,26,24,27,27,127,25.4,0,1,1
1207,Male,ICSE,Government,Rural,12,3,4,3,0,2,0,1,0,71,20,31,40,29,31,10,141,28.2,0,1,1
1208,Female,CBSE,Private,Semi-Urban,10,1,1,1,0,2,0,0,0,77,65,38,29,36,37,0,140,28.0,0,1,1
1209,Male,CBSE,Government,Semi-Urban,11,4,3,2,0,2,1,1,2,70,56,18,34,38,19,40,149,29.8,1,0,1
1210,Male,State Board,Private,Semi-Urban,10,3,5,3,1,1,1,0,1,79,45,34,31,26,11,26,128,25.6,1,1,1
1211,Female,CBSE,Private,Urban,11,2,2,0,0,3,1,0,0,80,55,14,38,23,26,48,149,29.8,1,1,1
1212,Female,CBSE,Private,Semi-Urban,9,2,5,1,0,1,1,0,1,88,54,31,29,28,42,39,169,33.8,0,1,1
1213,Female,CBSE,Government,Urban,10,2,3,2,0,4,1,1,0,80,64,47,31,37,48,31,194,38.8,0,1,1
1214,Male,State Board,Private,Semi-Urban,10,3,5,2,0,3,0,1,0,78,40,25,30,37,20,28,140,28.0,1,1,1
1215,Female,ICSE,Private,Urban,9,2,3,2,0,4,0,1,0,87,70,20,45,35,38,40,178,35.6,1,0,1
1216,Male,CBSE,Government,Urban,11,2,2,1,1,2,1,1,2,79,89,35,43,26,51,42,197,39.4,1,1,1
1217,Male,CBSE,Private,Urban,12,3,2,0,0,2,0,1,2,75,70,25,27,34,34,33,153,30.6,0,1,1
1218,Female,ICSE,Government,Urban,9,4,2,1,1,3,0,1,2,73,79,39,38,38,46,42,203,40.6,0,1,0
1219,Female,ICSE,Private,Semi-Urban,12,2,1,1,0,1,0,0,0,78,84,19,25,29,38,24,135,27.0,1,1,1
1220,Female,CBSE,Government,Semi-Urban,12,4,1,1,1,2,0,1,0,80,87,24,30,21,22,21,118,23.6,1,0,1
1221,Female,State Board,Private,Semi-Urban,9,2,1,2,0,2,1,0,1,76,98,14,27,29,32,32,134,26.8,1,1,1
1222,Female,CBSE,Private,Urban,11,1,3,0,1,2,1,1,1,76,56,31,25,36,29,30,151,30.2,0,1,1
1223,Male,CBSE,Government,Urban,12,1,4,2,0,0,1,0,2,94,52,26,40,11,28,15,120,24.0,1,1,1
1224,Male,State Board,Government,Urban,9,2,1,1,0,5,1,1,0,84,79,28,39,16,49,25,157,31.4,0,0,1
1225,Male,CBSE,Government,Urban,10,1,1,2,1,2,1,0,0,67,77,29,27,40,31,30,157,31.4,1,1,1
1226,Male,ICSE,Private,Rural,10,0,3,0,0,5,0,0,1,75,78,46,20,38,6,31,141,28.2,1,0,1
1227,Female,CBSE,Government,Urban,10,4,2,1,0,5,0,1,2,76,99,40,36,44,28,39,187,37.4,1,1,1
1228,Male,CBSE,Private,Urban,9,4,1,0,0,1,0,1,2,83,65,32,26,16,7,25,106,21.2,1,0,1
1229,Female,State Board,Government,Urban,10,3,2,3,1,1,1,1,1,76,72,30,18,33,29,42,152,30.4,0,1,1
1230,Female,CBSE,Government,Urban,12,1,5,2,0,7,1,1,2,86,47,30,40,41,44,53,208,41.6,0,0,1
1231,Female,State Board,Private,Semi-Urban,10,1,4,1,0,6,1,1,1,83,100,67,40,26,48,32,213,42.6,0,0,1
1232,Male,CBSE,Government,Semi-Urban,10,1,2,1,0,3,0,1,2,74,58,24,27,40,18,22,131,26.2,0,1,1
1233,Female,CBSE,Private,Urban,12,3,3,3,0,3,1,1,2,90,59,42,34,33,41,42,192,38.4,0,0,0
1234,Male,CBSE,Private,Urban,10,4,3,1,0,2,1,1,2,82,58,42,23,27,41,39,172,34.4,0,1,1
1235,Male,ICSE,Private,Urban,12,2,3,1,0,4,1,1,0,81,53,34,30,28,22,34,148,29.6,1,1,1
1236,Female,CBSE,Private,Urban,10,1,3,2,0,2,1,1,0,83,51,35,28,6,14,17,100,20.0,0,1,1
1237,Male,State Board,Private,Urban,12,2,3,3,1,0,1,1,1,79,55,26,34,27,23,16,126,25.2,1,0,1
1238,Male,CBSE,Government,Rural,10,2,2,0,0,1,1,0,1,65,40,10,26,25,42,18,121,24.2,1,1,1
1239,Female,State Board,Government,Semi-Urban,12,2,1,1,0,3,1,0,2,69,50,26,21,25,46,31,149,29.8,0,0,1
1240,Male,CBSE,Government,Semi-Urban,9,3,3,3,0,1,0,1,0,67,100,24,32,40,35,46,177,35.4,0,1,1
1241,Female,State Board,Private,Semi-Urban,12,3,4,1,0,3,1,1,0,70,78,32,52,20,29,29,162,32.4,0,1,1
1242,Female,State Board,Government,Semi-Urban,10,1,3,1,0,1,0,0,2,61,81,13,33,17,34,14,111,22.2,1,0,1
1243,Female,State Board,Private,Semi-Urban,10,0,4,2,0,2,0,1,0,71,86,40,33,18,24,27,142,28.4,1,0,1
1244,Male,State Board,Private,Semi-Urban,11,4,5,2,0,4,1,1,0,78,98,60,49,37,36,53,235,47.0,0,0,0
1245,Male,State Board,Private,Semi-Urban,12,1,2,1,0,3,1,0,0,81,33,38,41,27,7,13,126,25.2,1,1,1
1246,Female,ICSE,Private,Urban,9,1,3,3,0,3,0,1,1,77,42,38,35,28,26,39,166,33.2,0,0,1
1247,Male,CBSE,Government,Semi-Urban,12,1,3,2,0,4,1,1,0,51,50,25,32,22,21,25,125,25.0,1,1,1
1248,Female,CBSE,Private,Semi-Urban,12,0,5,0,0,4,0,1,2,95,56,29,45,24,36,27,161,32.2,0,1,1
1249,Female,State Board,Private,Rural,9,2,5,3,0,5,1,1,1,80,59,31,25,52,15,21,144,28.8,1,1,1
1250,Female,ICSE,Government,Semi-Urban,12,4,3,1,0,2,1,1,2,79,56,40,17,54,35,39,185,37.0,1,1,1
1251,Male,State Board,Government,Semi-Urban,9,2,2,1,0,2,1,1,1,94,68,37,34,33,10,32,146,29.2,1,0,1
1252,Male,CBSE,Private,Urban,9,2,4,2,0,1,1,1,0,70,65,28,28,19,39,29,143,28.6,0,1,1
1253,Female,CBSE,Private,Semi-Urban,12,3,1,1,0,2,1,1,0,98,51,46,26,45,38,23,178,35.6,0,1,1
1254,Male,CBSE,Private,Urban,12,2,4,0,0,4,1,1,0,70,25,36,38,14,28,27,143,28.6,1,1,1
1255,Male,ICSE,Private,Urban,10,4,5,0,0,5,0,1,1,82,47,31,18,32,44,33,158,31.6,0,0,1
1256,Female,CBSE,Private,Urban,10,4,2,1,0,4,1,1,0,67,55,28,28,25,24,33,138,27.6,0,0,1
1257,Female,CBSE,Private,Semi-Urban,11,0,3,2,0,0,1,0,0,80,60,31,18,11,25,17,102,20.4,1,0,1
1258,Female,CBSE,Government,Urban,11,3,3,2,1,5,1,0,1,78,44,45,16,29,42,18,150,30.0,0,0,1
1259,Female,CBSE,Government,Urban,12,2,3,3,1,0,0,0,0,73,56,25,34,9,0,46,114,22.8,0,0,1
1260,Male,ICSE,Government,Rural,9,4,2,1,0,4,0,0,0,72,44,50,16,29,26,17,138,27.6,1,0,1
1261,Female,CBSE,Private,Urban,11,2,4,1,0,2,0,1,2,80,62,47,23,28,30,31,159,31.8,0,1,1
1262,Female,State Board,Private,Semi-Urban,12,4,5,1,0,4,1,1,2,74,45,42,44,28,35,18,167,33.4,0,0,1
1263,Male,CBSE,Private,Semi-Urban,11,3,5,1,0,1,1,1,0,74,49,22,35,24,44,9,134,26.8,1,1,1
1264,Male,CBSE,Government,Urban,9,1,2,1,0,5,0,1,0,83,41,19,19,27,20,32,117,23.4,1,0,1
1265,Female,CBSE,Private,Rural,12,2,4,2,0,1,1,1,2,63,62,23,33,33,21,28,138,27.6,0,1,1
1266,Female,CBSE,Private,Urban,9,4,4,3,0,2,1,1,0,89,49,41,34,29,14,45,163,32.6,1,1,1
1267,Female,CBSE,Private,Semi-Urban,12,4,2,3,0,2,0,1,2,92,81,52,55,39,48,37,231,46.2,1,1,0
1268,Female,CBSE,Private,Semi-Urban,11,1,1,1,0,0,1,1,0,63,72,28,26,27,21,21,123,24.6,0,1,1
1269,Male,ICSE,Government,Semi-Urban,10,3,2,2,0,3,1,1,2,86,63,47,32,37,30,24,170,34.0,0,0,1
1270,Male,CBSE,Private,Semi-Urban,11,2,5,1,0,6,1,1,0,100,50,42,33,54,43,58,230,46.0,0,1,0
1271,Female,ICSE,Government,Urban,11,0,3,1,0,7,1,0,2,77,71,48,32,27,47,50,204,40.8,1,0,1
1272,Female,State Board,Government,Urban,10,2,4,2,0,3,0,1,0,80,77,42,24,26,37,20,149,29.8,1,0,1
1273,Female,State Board,Private,Semi-Urban,10,1,2,2,0,5,1,1,1,90,67,19,50,53,64,37,223,44.6,0,0,1
1274,Female,CBSE,Private,Semi-Urban,12,4,4,1,0,3,0,0,0,77,93,34,37,32,42,38,183,36.6,1,0,1
1275,Male,CBSE,Private,Rural,12,2,1,1,0,4,0,1,0,71,73,42,36,1,27,28,134,26.8,1,0,1
1276,Male,CBSE,Private,Rural,9,4,2,1,0,2,1,1,2,56,81,35,46,27,26,39,173,34.6,0,1,1
1277,Female,CBSE,Private,Rural,9,0,3,2,0,3,1,0,1,71,67,19,5,29,26,38,117,23.4,1,0,1
1278,Female,State Board,Private,Semi-Urban,11,2,1,1,0,4,1,1,2,84,77,13,48,8,22,34,125,25.0,0,1,1
1279,Female,CBSE,Private,Urban,10,1,4,3,1,2,0,1,1,85,50,21,24,36,25,21,127,25.4,1,1,1
1280,Female,CBSE,Government,Rural,9,1,2,0,0,3,1,1,2,75,56,31,34,22,39,45,171,34.2,1,0,1
1281,Female,ICSE,Government,Semi-Urban,11,1,3,1,0,3,1,1,1,67,71,24,22,33,26,41,146,29.2,1,0,1
1282,Male,State Board,Government,Urban,10,1,3,1,0,4,1,1,2,69,71,36,25,29,26,34,150,30.0,1,1,1
1283,Male,ICSE,Private,Rural,12,3,3,1,1,1,1,1,2,88,74,38,36,17,47,15,153,30.6,1,0,1
1284,Male,CBSE,Government,Rural,11,2,1,1,0,3,1,1,0,63,84,40,55,19,18,35,167,33.4,1,0,1
1285,Female,CBSE,Government,Semi-Urban,12,2,1,2,1,6,1,1,2,77,39,10,41,21,12,39,123,24.6,1,1,1
1286,Male,CBSE,Government,Urban,9,2,5,2,0,5,0,0,2,74,47,21,45,42,22,5,135,27.0,1,0,1
1287,Male,CBSE,Private,Urban,9,4,2,3,0,5,1,1,0,71,69,35,34,33,22,39,163,32.6,1,0,1
1288,Female,CBSE,Government,Rural,10,4,4,2,1,3,0,1,1,81,51,37,23,23,34,26,143,28.6,0,0,1
1289,Male,CBSE,Private,Rural,11,2,5,2,0,3,0,1,0,64,100,40,25,23,31,32,151,30.2,1,0,1
1290,Female,CBSE,Government,Urban,12,2,2,2,0,5,0,1,2,63,74,38,27,42,30,23,160,32.0,1,0,1
1291,Male,CBSE,Private,Urban,10,1,2,2,0,5,0,1,0,75,63,29,10,44,44,30,157,31.4,1,0,1
1292,Male,CBSE,Government,Rural,9,4,3,1,0,0,0,1,0,44,55,17,12,30,13,34,106,21.2,1,0,1
1293,Female,ICSE,Government,Urban,9,1,5,1,0,1,0,1,1,68,56,18,18,28,32,20,116,23.2,0,0,1
1294,Male,ICSE,Private,Semi-Urban,11,2,5,1,0,5,0,0,1,70,65,44,33,36,51,45,209,41.8,0,1,0
1295,Male,State Board,Government,Rural,12,2,3,1,0,3,1,1,2,71,67,24,33,18,28,24,127,25.4,0,0,1
1296,Female,CBSE,Government,Urban,11,2,4,1,0,2,0,1,2,68,56,36,30,22,34,34,156,31.2,1,1,1
1297,Female,CBSE,Government,Semi-Urban,12,1,1,3,1,1,1,1,1,83,60,26,23,15,21,23,108,21.6,1,0,1
1298,Male,CBSE,Government,Urban,12,3,5,1,0,2,0,1,0,88,89,37,29,16,46,39,167,33.4,1,0,1
1299,Female,ICSE,Government,Urban,11,1,5,0,0,1,1,0,1,82,89,29,14,43,19,34,139,27.8,0,1,1
1300,Male,State Board,Government,Rural,10,3,2,1,0,6,1,1,1,62,69,26,31,29,22,44,152,30.4,1,1,1
1301,Male,CBSE,Private,Semi-Urban,11,1,2,0,0,3,1,1,1,81,40,24,19,40,26,4,113,22.6,1,0,1
1302,Female,State Board,Private,Rural,11,1,1,1,0,3,1,0,0,54,74,26,32,35,20,14,127,25.4,1,0,1
1303,Female,CBSE,Private,Semi-Urban,9,4,2,1,1,4,0,0,1,78,92,14,44,40,32,40,170,34.0,0,0,1
1304,Female,CBSE,Government,Urban,9,1,4,1,0,4,1,0,0,66,89,36,45,40,35,16,172,34.4,1,1,1
1305,Female,State Board,Private,Urban,11,4,2,1,0,4,1,1,2,86,78,50,46,31,48,34,209,41.8,1,0,1
1306,Female,State Board,Government,Urban,11,2,1,2,0,5,1,1,1,100,90,49,40,58,39,41,227,45.4,1,0,0
1307,Male,State Board,Government,Urban,9,1,2,2,0,2,1,1,2,79,65,25,23,27,21,20,116,23.2,1,1,1
1308,Male,State Board,Private,Urban,12,4,5,1,1,3,0,1,1,60,76,33,23,33,28,24,141,28.2,1,1,1
1309,Female,CBSE,Government,Urban,11,1,3,1,0,4,1,1,0,71,52,27,16,23,24,34,124,24.8,0,1,1
1310,Male,State Board,Government,Semi-Urban,10,4,3,1,0,2,0,0,2,76,70,34,40,20,22,41,157,31.4,0,0,1
1311,Male,CBSE,Private,Semi-Urban,10,1,2,2,0,3,1,1,1,80,88,51,32,37,18,24,162,32.4,1,1,1
1312,Male,State Board,Private,Semi-Urban,10,4,5,0,0,4,0,1,0,72,54,46,22,35,36,29,168,33.6,0,1,1
1313,Male,CBSE,Private,Semi-Urban,11,0,4,0,0,4,1,1,1,82,49,40,24,24,28,26,142,28.4,0,1,1
1314,Female,State Board,Private,Urban,12,2,2,2,0,0,0,1,0,67,66,17,12,5,31,0,65,13.0,0,1,1
1315,Female,CBSE,Private,Urban,12,3,1,1,0,4,0,1,2,70,60,39,30,16,16,32,133,26.6,1,1,1
1316,Female,ICSE,Government,Semi-Urban,9,4,1,1,0,3,1,1,1,81,76,20,46,46,31,45,188,37.6,1,0,1
1317,Male,CBSE,Government,Semi-Urban,11,4,1,1,0,4,1,1,1,64,56,31,28,24,51,43,177,35.4,0,0,1
1318,Male,State Board,Government,Urban,12,4,3,3,1,4,1,1,0,80,95,46,15,33,30,30,154,30.8,1,1,1
1319,Male,CBSE,Government,Rural,11,4,5,2,1,5,0,0,0,51,41,37,26,42,27,16,148,29.6,1,0,1
1320,Male,CBSE,Government,Rural,9,1,3,2,0,5,0,1,2,82,87,45,34,23,25,37,164,32.8,0,0,1
1321,Female,CBSE,Private,Semi-Urban,9,2,4,1,0,5,1,1,2,72,51,40,33,26,23,44,166,33.2,0,0,1
1322,Female,CBSE,Private,Urban,9,2,3,1,0,5,1,0,0,77,32,32,26,23,49,34,164,32.8,1,1,1
1323,Female,State Board,Private,Rural,10,2,4,3,0,3,1,0,0,73,69,39,34,47,35,35,190,38.0,1,0,0
1324,Male,CBSE,Government,Semi-Urban,11,2,4,3,0,3,1,0,0,69,60,22,30,49,32,42,175,35.0,0,1,1
1325,Female,State Board,Private,Rural,9,2,2,1,0,4,1,1,1,71,45,24,30,37,14,23,128,25.6,0,0,1
1326,Female,CBSE,Private,Rural,11,1,2,2,1,4,1,1,2,75,34,28,30,33,31,24,146,29.2,0,0,1
1327,Female,CBSE,Private,Rural,10,3,3,1,1,3,1,1,1,79,64,36,28,25,45,49,183,36.6,0,0,1
1328,Female,State Board,Government,Semi-Urban,10,1,1,1,0,4,1,1,1,82,82,19,30,53,48,34,184,36.8,0,0,1
1329,Male,ICSE,Private,Urban,9,2,2,2,0,3,1,1,2,78,75,39,46,34,40,20,179,35.8,1,1,1
1330,Male,CBSE,Government,Semi-Urban,9,2,3,1,0,2,1,1,1,73,66,39,35,37,20,24,155,31.0,1,1,1
1331,Male,ICSE,Government,Semi-Urban,12,3,5,3,0,5,1,0,0,98,73,44,50,39,47,33,213,42.6,1,1,0
1332,Female,State Board,Government,Semi-Urban,11,3,3,0,0,3,0,1,1,84,64,58,45,29,41,37,210,42.0,0,0,1
1333,Male,CBSE,Private,Urban,9,3,4,1,0,6,0,1,2,70,39,29,39,49,17,25,159,31.8,1,0,1
1334,Male,State Board,Private,Urban,12,1,3,3,1,1,0,0,2,80,39,16,28,23,8,22,97,19.4,0,0,1
1335,Male,State Board,Government,Rural,11,2,4,3,0,2,1,1,1,61,61,24,11,40,36,20,131,26.2,0,0,1
1336,Male,ICSE,Government,Semi-Urban,9,1,3,1,0,3,0,1,1,73,62,29,30,29,38,7,133,26.6,1,0,1
1337,Female,CBSE,Private,Rural,12,2,4,1,0,5,0,0,2,57,80,32,32,24,19,37,144,28.8,1,1,1
1338,Female,ICSE,Government,Rural,12,2,3,2,0,4,1,0,1,60,78,21,50,26,42,35,174,34.8,0,0,1
1339,Male,CBSE,Government,Semi-Urban,11,0,3,1,0,3,1,0,0,93,75,31,43,34,36,40,184,36.8,1,0,1
1340,Male,CBSE,Government,Semi-Urban,12,2,3,3,1,1,1,1,2,80,59,25,19,18,34,19,115,23.0,1,1,1
1341,Male,CBSE,Private,Rural,11,4,3,3,0,1,1,1,2,45,40,34,24,9,15,13,95,19.0,1,0,1
1342,Male,CBSE,Government,Semi-Urban,11,4,1,1,0,3,1,1,0,87,72,60,37,46,43,40,226,45.2,1,1,0
1343,Male,State Board,Government,Semi-Urban,11,2,1,1,0,1,1,0,1,85,74,44,34,23,39,45,185,37.0,1,1,1
1344,Male,State Board,Government,Urban,10,0,1,0,0,2,1,1,1,71,22,14,11,22,18,22,87,17.4,1,0,1
1345,Male,State Board,Private,Semi-Urban,12,1,4,3,1,4,1,1,0,87,49,25,34,32,32,35,158,31.6,1,0,1
1346,Female,CBSE,Private,Semi-Urban,11,2,2,1,0,2,0,0,2,71,52,24,22,18,19,22,105,21.0,0,1,1
1347,Female,CBSE,Private,Urban,9,4,2,1,1,5,1,1,1,75,67,56,39,49,54,22,220,44.0,0,0,1
1348,Male,CBSE,Government,Urban,10,1,4,1,0,5,0,1,2,89,50,34,26,21,34,44,159,31.8,1,0,1
1349,Male,State Board,Private,Urban,10,3,2,2,0,1,0,1,0,77,64,13,19,27,17,35,111,22.2,1,1,1
1350,Female,CBSE,Government,Urban,12,1,3,0,0,2,1,0,1,56,61,23,38,28,20,34,143,28.6,0,0,1
1351,Male,State Board,Private,Urban,11,4,2,1,0,0,0,0,0,79,62,34,14,23,27,23,121,24.2,1,0,1
1352,Female,ICSE,Private,Semi-Urban,12,2,5,3,0,2,1,1,2,79,52,38,19,15,38,36,146,29.2,0,1,1
1353,Female,CBSE,Private,Rural,10,3,4,3,0,4,1,1,1,81,53,34,33,41,22,43,173,34.6,1,1,1
1354,Male,State Board,Private,Semi-Urban,11,2,4,2,0,2,1,1,1,80,45,37,21,35,48,45,186,37.2,0,0,1
1355,Male,CBSE,Private,Urban,9,3,3,0,0,4,1,1,0,75,71,16,28,29,41,47,161,32.2,0,0,1
1356,Female,State Board,Government,Urban,11,1,4,1,0,1,1,1,0,85,75,33,32,36,36,32,169,33.8,1,0,1
1357,Male,State Board,Private,Semi-Urban,10,1,1,2,0,4,0,1,0,81,51,38,12,30,27,15,122,24.4,0,0,1
1358,Female,CBSE,Government,Urban,9,4,1,1,0,2,1,1,0,67,92,26,23,19,34,35,137,27.4,0,1,1
1359,Female,CBSE,Private,Rural,11,4,1,3,0,3,1,1,1,81,59,25,52,21,31,34,163,32.6,0,1,1
1360,Female,ICSE,Government,Semi-Urban,9,4,3,2,0,3,1,1,1,76,92,21,42,47,49,45,204,40.8,0,1,1
1361,Male,State Board,Government,Rural,9,3,3,0,0,1,1,1,1,65,53,44,19,29,28,41,161,32.2,1,0,1
1362,Female,CBSE,Government,Urban,10,4,3,3,0,1,0,1,1,76,28,15,25,15,30,21,106,21.2,1,0,1
1363,Male,ICSE,Government,Semi-Urban,9,1,1,3,0,4,0,1,0,64,72,31,32,17,23,48,151,30.2,0,0,1
1364,Female,ICSE,Private,Urban,12,2,3,0,0,4,0,1,0,74,69,41,43,26,36,16,162,32.4,1,0,1
1365,Female,State Board,Private,Rural,10,2,4,1,0,5,1,0,0,70,65,54,35,30,30,41,190,38.0,1,0,1
1366,Male,CBSE,Government,Semi-Urban,12,3,3,1,1,3,1,1,2,73,53,30,40,20,43,22,155,31.0,1,0,1
1367,Female,State Board,Government,Urban,9,2,4,1,0,3,1,1,1,87,64,31,14,16,28,16,105,21.0,1,0,1
1368,Female,State Board,Private,Urban,12,1,2,1,0,0,1,1,0,82,55,27,13,34,22,22,118,23.6,1,1,1
1369,Male,CBSE,Government,Urban,11,3,4,2,0,3,1,1,0,83,59,48,35,42,32,20,177,35.4,0,1,1
1370,Male,CBSE,Private,Semi-Urban,9,4,3,3,0,3,1,1,2,80,80,36,39,21,33,34,163,32.6,0,0,1
1371,Male,State Board,Private,Urban,11,2,2,1,1,6,0,1,1,90,68,29,27,36,45,37,174,34.8,0,0,1
1372,Male,CBSE,Private,Semi-Urban,12,1,2,0,0,4,0,1,1,83,75,20,36,23,31,45,155,31.0,1,1,1
1373,Male,State Board,Private,Urban,11,1,3,2,1,5,1,0,1,80,60,23,27,29,48,19,146,29.2,1,1,1
1374,Female,CBSE,Government,Semi-Urban,9,1,4,1,1,4,1,1,0,74,58,42,29,27,24,41,163,32.6,1,0,1
1375,Male,CBSE,Private,Rural,11,2,3,2,0,2,1,1,2,60,44,22,34,19,27,26,128,25.6,1,1,1
1376,Male,State Board,Government,Rural,12,3,2,1,0,3,0,1,2,70,58,24,37,47,21,39,168,33.6,0,1,1
1377,Female,CBSE,Government,Rural,12,3,4,1,0,3,1,1,0,64,20,21,16,21,32,23,113,22.6,1,0,1
1378,Male,CBSE,Private,Urban,12,3,3,1,0,2,0,0,2,74,54,29,16,18,28,14,105,21.0,0,0,1
1379,Female,CBSE,Government,Urban,9,2,3,2,0,2,0,1,2,86,63,27,24,19,28,17,115,23.0,0,0,1
1380,Male,ICSE,Private,Semi-Urban,12,4,3,1,0,3,1,1,0,67,75,34,34,43,47,22,180,36.0,0,0,1
1381,Male,CBSE,Private,Urban,9,1,2,2,0,5,0,0,1,75,60,46,24,13,25,36,144,28.8,1,0,1
1382,Female,CBSE,Private,Semi-Urban,11,2,3,1,0,0,0,1,0,90,71,43,37,18,33,42,173,34.6,0,1,1
1383,Female,State Board,Private,Urban,12,4,2,1,0,5,0,1,0,83,25,17,35,44,25,26,147,29.4,1,1,1
1384,Female,CBSE,Government,Urban,11,1,5,1,1,2,0,0,1,74,63,31,30,27,28,33,149,29.8,0,0,1
1385,Female,ICSE,Government,Urban,10,1,3,3,0,1,1,0,0,77,34,15,9,23,11,7,65,13.0,0,0,1
1386,Female,CBSE,Private,Rural,11,4,3,3,1,5,1,1,2,71,43,31,43,52,26,34,186,37.2,1,1,1
1387,Male,State Board,Government,Urban,10,2,3,1,0,4,0,1,2,59,61,33,0,30,29,36,128,25.6,1,0,1
1388,Male,CBSE,Private,Semi-Urban,11,3,5,1,0,5,0,1,0,76,87,39,48,31,59,26,203,40.6,0,0,1
1389,Female,State Board,Private,Urban,9,0,4,1,0,4,0,1,1,96,71,39,44,30,37,33,183,36.6,0,1,1
1390,Female,CBSE,Private,Semi-Urban,11,3,3,1,0,6,1,1,2,73,65,48,35,26,57,47,213,42.6,1,0,1
1391,Female,CBSE,Government,Urban,9,2,4,1,0,4,0,1,2,71,64,36,44,43,35,3,161,32.2,0,0,1
1392,Male,CBSE,Government,Rural,9,1,3,3,0,3,1,1,2,59,52,20,25,30,22,39,136,27.2,1,0,1
1393,Male,CBSE,Government,Rural,12,3,3,3,0,4,0,1,0,64,55,23,29,38,45,32,167,33.4,0,0,1
1394,Female,CBSE,Government,Urban,9,1,2,1,0,5,0,0,1,69,72,19,35,43,37,40,174,34.8,0,0,1
1395,Male,CBSE,Private,Rural,10,2,3,1,0,2,1,1,1,74,40,20,59,21,21,23,144,28.8,0,0,1
1396,Female,State Board,Government,Rural,12,1,2,2,1,2,1,1,2,66,75,47,39,15,32,9,142,28.4,1,1,1
1397,Female,CBSE,Government,Rural,12,1,5,2,0,3,0,0,0,72,58,22,35,26,26,34,143,28.6,1,0,1
1398,Male,CBSE,Government,Rural,11,2,2,0,0,0,1,1,2,54,79,14,15,15,6,24,74,14.8,0,0,1
1399,Female,ICSE,Private,Urban,9,1,5,1,0,3,1,1,0,76,82,40,36,35,46,36,193,38.6,1,0,0
1400,Female,State Board,Private,Semi-Urban,9,4,3,1,1,0,1,1,2,77,34,23,15,33,35,34,140,28.0,1,0,1
1401,Male,CBSE,Government,Urban,10,0,3,1,0,3,1,1,1,79,54,29,37,26,49,37,178,35.6,1,1,1
1402,Female,CBSE,Government,Urban,11,2,3,1,0,4,1,1,1,67,49,47,32,31,36,51,197,39.4,0,0,1
1403,Male,CBSE,Government,Rural,11,1,1,0,0,2,1,1,1,74,32,31,13,22,22,26,114,22.8,0,1,1
1404,Female,State Board,Government,Urban,12,2,2,2,0,6,0,0,0,86,46,30,34,40,43,27,174,34.8,1,0,1
1405,Male,ICSE,Private,Semi-Urban,12,4,1,1,0,1,1,1,0,70,100,30,24,24,42,31,151,30.2,0,0,1
1406,Female,CBSE,Private,Rural,12,1,3,0,1,5,1,1,0,65,75,31,36,11,52,39,169,33.8,0,1,1
1407,Male,State Board,Government,Rural,10,4,3,1,0,4,0,1,0,59,99,46,27,39,37,46,195,39.0,1,0,1
1408,Male,State Board,Government,Rural,10,1,4,2,0,0,0,0,0,91,79,25,27,35,26,12,125,25.0,0,1,1
1409,Female,ICSE,Private,Urban,12,3,2,2,0,7,0,1,2,75,51,20,43,39,30,36,168,33.6,0,0,1
1410,Male,State Board,Private,Urban,11,2,2,1,0,3,1,1,1,96,58,35,33,26,40,50,184,36.8,0,0,1
1411,Male,CBSE,Private,Semi-Urban,10,4,3,1,1,2,1,1,0,67,75,17,27,18,16,29,107,21.4,1,1,1
1412,Female,CBSE,Government,Urban,11,3,5,3,0,1,1,1,2,65,72,52,30,32,37,38,189,37.8,0,1,1
1413,Female,CBSE,Private,Urban,11,2,4,1,0,3,0,1,1,73,54,21,36,29,36,34,156,31.2,1,1,1
1414,Female,CBSE,Government,Urban,9,1,3,1,0,3,1,1,2,66,37,26,15,24,33,36,134,26.8,1,1,1
1415,Female,CBSE,Private,Rural,12,1,3,1,0,3,1,0,1,67,100,39,37,51,37,27,191,38.2,0,1,1
1416,Male,State Board,Private,Semi-Urban,9,4,1,1,0,3,1,1,0,72,62,31,45,21,48,24,169,33.8,0,0,1
1417,Male,CBSE,Government,Urban,12,2,5,1,0,4,1,0,1,66,59,33,39,50,44,34,200,40.0,0,0,0
1418,Male,CBSE,Government,Semi-Urban,12,2,3,3,0,2,1,1,1,86,67,36,31,30,26,16,139,27.8,1,0,1
1419,Female,CBSE,Government,Urban,11,3,2,2,0,0,1,1,0,87,60,43,33,7,22,24,129,25.8,0,0,1
1420,Female,State Board,Government,Urban,12,2,3,1,0,3,1,1,0,84,67,43,38,31,26,37,175,35.0,1,0,1
1421,Female,CBSE,Government,Rural,11,4,1,3,0,0,1,1,0,70,88,43,35,36,34,45,193,38.6,0,1,0
1422,Female,CBSE,Government,Semi-Urban,11,3,5,0,0,4,1,1,0,75,62,29,17,32,29,42,149,29.8,0,0,1
1423,Male,CBSE,Private,Rural,12,3,2,1,0,2,1,0,1,65,44,31,10,10,38,33,122,24.4,0,1,1
1424,Male,CBSE,Private,Urban,11,4,3,2,0,3,0,1,1,70,62,33,40,27,44,42,186,37.2,1,0,1
1425,Male,State Board,Government,Rural,11,0,2,2,1,5,0,1,0,68,56,31,11,17,18,17,94,18.8,0,0,1
1426,Female,State Board,Private,Semi-Urban,11,2,4,0,0,2,0,1,1,68,90,47,35,35,31,30,178,35.6,0,1,1
1427,Male,CBSE,Government,Semi-Urban,10,2,4,1,1,5,1,1,1,65,86,37,33,43,38,62,213,42.6,1,0,0
1428,Female,State Board,Private,Semi-Urban,11,1,3,2,1,2,1,1,0,91,66,27,19,18,39,29,132,26.4,1,0,1
1429,Male,ICSE,Government,Rural,10,3,3,2,0,6,0,1,0,84,41,42,38,26,52,46,204,40.8,1,0,1
1430,Male,State Board,Private,Semi-Urban,10,4,4,2,0,2,0,0,0,83,42,12,30,34,12,38,126,25.2,1,1,1
1431,Male,CBSE,Private,Semi-Urban,11,2,1,1,1,2,1,1,0,91,65,29,51,20,27,15,142,28.4,1,0,1
1432,Female,CBSE,Private,Rural,11,2,2,0,0,4,1,1,0,67,71,34,27,22,32,38,153,30.6,0,0,1
1433,Female,CBSE,Private,Rural,10,4,2,1,0,2,1,0,0,56,58,20,42,15,15,29,121,24.2,0,1,1
1434,Male,ICSE,Government,Semi-Urban,10,2,5,1,0,2,1,1,1,81,56,44,35,34,28,35,176,35.2,1,0,1
1435,Male,CBSE,Private,Semi-Urban,11,2,2,3,0,2,1,1,1,85,54,19,21,30,33,21,124,24.8,0,1,1
1436,Female,CBSE,Government,Urban,11,2,4,1,0,3,1,1,0,75,64,33,41,25,31,22,152,30.4,1,0,1
1437,Male,CBSE,Government,Urban,12,4,3,1,0,5,1,1,0,72,22,37,38,31,18,28,152,30.4,0,0,1
1438,Female,State Board,Government,Semi-Urban,10,3,2,2,0,0,0,1,1,84,45,36,22,36,51,21,166,33.2,0,1,1
1439,Female,CBSE,Private,Rural,10,3,2,1,0,3,1,0,2,60,53,30,31,18,32,41,152,30.4,0,1,1
1440,Male,ICSE,Government,Rural,12,4,2,1,0,4,0,0,2,57,86,44,27,12,35,52,170,34.0,0,1,1
1441,Male,State Board,Private,Urban,10,2,3,2,0,3,1,1,1,69,50,37,20,32,19,43,151,30.2,1,1,1
1442,Female,CBSE,Private,Semi-Urban,9,2,2,2,0,5,1,0,0,80,68,39,43,33,40,45,200,40.0,0,0,0
1443,Male,ICSE,Private,Urban,10,4,1,2,1,3,1,1,0,69,69,21,28,22,29,20,120,24.0,0,0,1
1444,Male,CBSE,Private,Rural,12,2,4,0,0,3,0,1,2,63,88,20,31,37,15,29,132,26.4,1,0,1
1445,Female,State Board,Government,Rural,9,3,5,2,0,4,1,1,0,57,87,39,39,43,27,39,187,37.4,0,1,1
1446,Female,CBSE,Government,Semi-Urban,11,4,2,2,0,3,0,1,2,72,63,26,32,6,38,24,126,25.2,1,1,1
1447,Female,ICSE,Government,Rural,12,3,2,1,0,2,0,1,1,50,56,33,8,15,43,29,128,25.6,1,1,1
1448,Female,State Board,Government,Semi-Urban,12,3,1,1,0,4,0,1,1,75,53,39,42,52,34,37,204,40.8,1,0,0
1449,Male,State Board,Government,Semi-Urban,11,4,3,2,1,2,1,1,0,87,60,31,32,36,43,37,179,35.8,1,0,1
1450,Male,ICSE,Government,Urban,12,4,4,0,0,2,1,1,1,76,57,23,31,38,33,44,169,33.8,0,1,1
1451,Female,CBSE,Government,Semi-Urban,10,2,1,2,1,2,1,1,1,90,74,37,34,40,30,21,162,32.4,1,1,1
1452,Female,ICSE,Private,Semi-Urban,11,1,2,1,0,5,1,0,0,93,72,30,41,37,51,48,207,41.4,1,1,1
1453,Male,State Board,Private,Semi-Urban,12,2,4,1,0,0,1,1,0,87,75,24,38,37,48,23,170,34.0,1,1,1
1454,Female,ICSE,Government,Urban,11,3,3,0,0,4,1,1,2,75,87,31,44,45,53,30,203,40.6,0,0,1
1455,Male,CBSE,Private,Rural,11,2,1,2,1,3,1,1,1,70,98,32,39,36,22,38,167,33.4,1,0,1
1456,Male,State Board,Government,Urban,11,3,3,1,0,0,1,1,1,82,67,42,42,24,29,41,178,35.6,1,0,1
1457,Male,ICSE,Government,Semi-Urban,9,2,2,1,0,3,1,1,0,71,84,35,42,34,37,39,187,37.4,1,0,0
1458,Male,ICSE,Private,Semi-Urban,12,3,2,2,1,4,1,1,1,61,58,26,27,22,28,30,133,26.6,0,0,1
1459,Male,CBSE,Private,Semi-Urban,9,1,4,2,0,4,1,0,1,84,86,24,26,36,43,41,170,34.0,0,0,1
1460,Male,ICSE,Government,Semi-Urban,12,3,4,3,0,0,1,1,1,63,84,34,43,14,36,29,156,31.2,1,0,1
1461,Male,CBSE,Private,Urban,10,2,3,1,1,5,0,0,1,70,83,28,31,24,45,23,151,30.2,0,1,1
1462,Female,ICSE,Private,Urban,10,1,5,1,0,2,0,1,1,80,66,32,24,25,47,17,145,29.0,0,1,1
1463,Female,CBSE,Private,Semi-Urban,10,2,3,3,0,4,1,1,1,79,52,30,14,21,30,31,126,25.2,1,1,1
1464,Female,ICSE,Private,Semi-Urban,12,3,4,2,0,4,0,0,0,65,39,38,31,22,15,29,135,27.0,0,0,1
1465,Female,State Board,Private,Urban,11,2,3,1,0,2,0,0,2,81,64,28,30,26,33,29,146,29.2,0,0,1
1466,Male,CBSE,Government,Semi-Urban,11,1,4,1,0,4,1,1,1,84,92,41,24,41,59,46,211,42.2,0,0,1
1467,Male,State Board,Government,Semi-Urban,9,4,5,2,0,2,0,0,0,63,59,34,32,36,24,26,152,30.4,0,1,1
1468,Female,CBSE,Government,Semi-Urban,9,3,1,1,0,0,1,0,1,87,79,52,24,23,37,35,171,34.2,0,0,1
1469,Male,State Board,Private,Rural,10,4,5,2,0,5,1,1,2,54,80,49,65,50,46,37,247,49.4,0,0,0
1470,Female,State Board,Private,Urban,9,2,4,1,1,2,1,1,0,100,59,33,27,41,36,51,188,37.6,0,1,1
1471,Male,ICSE,Government,Urban,12,2,4,1,1,2,0,1,0,70,88,31,25,33,30,30,149,29.8,1,0,1
1472,Female,State Board,Private,Rural,12,4,2,2,0,2,0,1,1,71,20,18,13,22,13,45,111,22.2,1,1,1
1473,Male,State Board,Private,Semi-Urban,9,2,4,0,0,3,1,0,0,61,42,21,41,31,7,33,133,26.6,0,0,1
1474,Female,CBSE,Private,Semi-Urban,9,3,4,1,1,3,0,1,2,79,48,24,24,39,18,27,132,26.4,0,0,1
1475,Female,CBSE,Private,Rural,9,2,2,1,0,4,0,1,0,72,50,22,21,40,26,20,129,25.8,0,0,1
1476,Female,ICSE,Private,Rural,9,2,5,1,0,1,0,1,2,69,71,35,34,39,39,13,160,32.0,1,1,1
1477,Male,State Board,Government,Rural,10,1,1,2,1,2,0,1,0,59,70,11,7,20,20,11,69,13.8,1,1,1
1478,Female,State Board,Private,Semi-Urban,10,1,1,2,0,3,0,1,0,70,72,41,33,31,22,18,145,29.0,0,0,1
1479,Female,State Board,Government,Semi-Urban,9,0,3,2,0,6,1,1,2,86,75,48,56,50,31,43,228,45.6,0,0,1
1480,Female,CBSE,Private,Semi-Urban,12,0,3,0,0,3,0,0,1,80,47,28,32,19,34,22,135,27.0,1,0,1
1481,Female,State Board,Government,Urban,10,4,3,1,0,5,0,0,0,90,43,37,42,31,50,38,198,39.6,1,1,1
1482,Female,CBSE,Private,Semi-Urban,12,1,1,1,0,3,1,1,0,74,72,26,39,29,42,44,180,36.0,0,1,1
1483,Male,CBSE,Private,Urban,11,3,5,3,0,2,1,0,1,75,53,34,47,37,37,29,184,36.8,1,1,1
1484,Female,CBSE,Government,Rural,12,4,1,2,0,3,0,1,1,73,36,38,37,33,11,46,165,33.0,1,0,1
1485,Female,CBSE,Private,Semi-Urban,9,3,1,2,0,3,0,1,2,63,82,23,33,25,26,17,124,24.8,1,0,1
1486,Female,CBSE,Private,Semi-Urban,11,1,1,1,0,4,1,0,2,67,90,20,43,17,54,33,167,33.4,0,0,1
1487,Male,CBSE,Private,Urban,10,3,3,1,0,5,1,1,1,90,93,53,34,44,56,39,226,45.2,1,1,0
1488,Male,ICSE,Private,Urban,10,3,5,1,0,4,1,0,1,68,68,41,44,26,22,46,179,35.8,0,1,1
1489,Female,CBSE,Private,Urban,11,3,3,1,0,5,1,1,1,61,76,28,27,20,37,15,127,25.4,1,0,1
1490,Female,CBSE,Government,Semi-Urban,12,3,4,0,1,2,0,1,1,93,89,29,31,20,39,21,140,28.0,1,0,1
1491,Male,CBSE,Government,Urban,10,4,1,3,0,2,1,1,0,61,53,18,0,28,19,25,90,18.0,0,0,1
1492,Female,CBSE,Government,Semi-Urban,9,3,3,1,0,2,0,1,0,76,84,26,35,44,9,47,161,32.2,1,0,1
1493,Male,CBSE,Private,Rural,11,2,3,1,0,3,1,0,0,70,69,31,25,31,34,35,156,31.2,0,1,1
1494,Male,CBSE,Government,Rural,9,3,3,0,0,2,1,1,0,36,81,27,39,29,21,15,131,26.2,0,0,1
1495,Male,ICSE,Private,Semi-Urban,11,1,1,3,0,4,1,1,0,77,68,26,35,41,24,19,145,29.0,0,1,1
1496,Male,ICSE,Private,Urban,10,4,3,2,0,2,0,1,1,84,88,28,44,16,31,51,170,34.0,0,1,1
1497,Female,ICSE,Private,Rural,12,1,3,2,0,3,0,1,2,73,69,27,17,32,28,22,126,25.2,0,1,1
1498,Male,CBSE,Private,Rural,11,2,4,3,0,4,1,1,1,79,38,34,41,29,32,22,158,31.6,1,1,1
1499,Female,CBSE,Private,Urban,11,4,3,1,1,0,1,1,0,76,91,29,51,34,22,45,181,36.2,0,1,1
1500,Female,State Board,Government,Semi-Urban,9,3,1,2,0,6,1,1,0,82,47,50,43,30,35,47,205,41.0,0,1,1
1501,Female,CBSE,Private,Urban,10,2,3,0,0,3,0,0,1,73,87,40,41,23,17,46,167,33.4,0,0,1
1502,Female,CBSE,Private,Rural,9,2,2,1,0,0,0,1,0,55,63,4,21,20,23,10,78,15.6,0,1,1
1503,Male,CBSE,Private,Rural,10,4,4,2,0,3,1,1,1,57,86,41,29,49,7,20,146,29.2,0,1,1
1504,Female,CBSE,Private,Urban,9,2,3,2,1,3,0,1,2,65,85,36,36,36,26,30,164,32.8,0,0,1
1505,Female,CBSE,Government,Rural,11,4,2,1,0,3,1,0,0,75,72,32,19,28,45,38,162,32.4,0,1,1
1506,Male,CBSE,Government,Semi-Urban,9,1,5,1,0,4,1,1,0,59,74,20,29,19,24,38,130,26.0,0,1,1
1507,Female,ICSE,Private,Rural,12,3,3,1,0,4,1,0,1,72,72,38,18,17,44,51,168,33.6,1,1,1
1508,Female,CBSE,Government,Semi-Urban,10,4,1,0,0,3,1,1,2,72,28,30,21,40,41,11,143,28.6,1,0,1
1509,Female,ICSE,Private,Rural,10,1,3,1,0,4,1,1,2,68,67,23,39,22,1,42,127,25.4,0,1,1
1510,Female,State Board,Private,Urban,11,2,2,1,0,3,0,1,2,93,44,16,34,24,28,18,120,24.0,0,0,1
1511,Female,State Board,Government,Urban,10,1,4,1,1,6,1,1,0,70,68,37,37,48,9,45,176,35.2,1,1,1
1512,Male,State Board,Private,Urban,12,3,4,2,0,1,0,0,2,86,44,25,27,8,25,21,106,21.2,0,0,1
1513,Female,State Board,Government,Rural,9,2,5,1,0,3,1,0,0,65,43,27,10,43,30,22,132,26.4,1,0,1
1514,Female,CBSE,Private,Rural,11,3,3,1,0,3,0,1,0,68,93,34,29,29,10,28,130,26.0,0,0,1
1515,Male,CBSE,Private,Rural,12,1,3,1,0,4,1,0,2,92,84,30,31,25,59,25,170,34.0,0,0,1
1516,Male,CBSE,Private,Rural,10,1,4,2,0,2,0,1,2,55,64,20,17,20,27,24,108,21.6,1,0,1
1517,Male,ICSE,Government,Urban,10,0,1,1,0,0,0,0,0,87,68,29,28,14,14,15,100,20.0,1,0,1
1518,Female,State Board,Private,Urban,12,2,3,0,0,3,1,1,0,86,60,32,25,37,50,43,187,37.4,0,1,1
1519,Female,CBSE,Private,Urban,9,3,3,1,0,3,0,1,0,75,75,17,26,24,15,39,121,24.2,0,1,1
1520,Male,State Board,Private,Urban,9,4,1,2,1,5,1,1,0,96,52,33,15,16,25,54,143,28.6,0,0,1
1521,Female,CBSE,Private,Urban,11,3,3,2,0,1,1,1,0,61,82,19,25,25,6,32,107,21.4,1,0,1
1522,Male,State Board,Government,Semi-Urban,10,2,4,2,1,5,0,1,2,69,60,35,20,16,50,36,157,31.4,1,0,1
1523,Female,CBSE,Government,Urban,12,4,4,3,0,7,1,1,1,62,57,44,39,39,44,53,219,43.8,0,1,0
1524,Female,CBSE,Government,Urban,9,3,1,2,0,2,0,1,2,79,65,12,17,14,34,21,98,19.6,0,0,1
1525,Female,CBSE,Private,Urban,11,4,1,2,0,1,0,1,2,68,54,32,24,17,26,8,107,21.4,0,0,1
1526,Male,CBSE,Government,Urban,10,2,2,1,0,2,1,1,1,79,70,21,29,31,37,33,151,30.2,0,0,1
1527,Male,CBSE,Government,Rural,10,2,4,0,1,3,1,1,2,63,55,46,46,26,31,15,164,32.8,0,0,1
1528,Male,CBSE,Private,Rural,11,1,1,3,0,4,0,1,1,65,73,28,32,28,31,52,171,34.2,1,0,1
1529,Male,State Board,Government,Rural,11,3,4,1,0,2,1,0,0,68,86,23,15,39,36,49,162,32.4,0,0,1
1530,Female,CBSE,Private,Semi-Urban,9,1,1,1,0,5,1,1,1,77,52,23,20,19,27,55,144,28.8,0,1,1
1531,Female,CBSE,Private,Urban,12,2,3,2,0,1,1,1,1,69,62,31,26,24,26,27,134,26.8,1,1,1
1532,Female,ICSE,Private,Rural,10,2,2,1,0,0,0,0,2,98,73,25,18,0,31,33,107,21.4,0,0,1
1533,Female,State Board,Government,Urban,12,3,4,2,0,5,1,0,2,70,57,37,6,37,38,32,150,30.0,0,1,1
1534,Female,CBSE,Government,Urban,10,3,2,2,0,0,1,1,1,52,73,40,36,19,9,32,136,27.2,0,0,1
1535,Female,CBSE,Private,Urban,10,1,3,1,0,3,1,1,2,71,74,26,39,21,19,20,125,25.0,0,1,1
1536,Female,CBSE,Private,Urban,12,2,2,2,0,8,1,1,0,67,84,45,47,44,55,18,209,41.8,1,0,1
1537,Female,CBSE,Private,Urban,11,3,4,1,0,3,1,1,2,88,54,51,28,45,33,27,184,36.8,1,1,1
1538,Male,ICSE,Government,Urban,9,4,4,1,1,1,0,1,0,78,48,29,29,19,32,11,120,24.0,0,1,1
1539,Male,CBSE,Private,Semi-Urban,10,3,1,1,0,3,1,1,0,83,59,18,25,21,22,47,133,26.6,0,0,1
1540,Male,CBSE,Private,Urban,11,4,4,2,1,3,1,0,0,76,47,37,33,31,17,49,167,33.4,0,1,1
1541,Female,State Board,Private,Urban,10,3,3,2,1,3,0,1,1,77,75,20,21,15,23,16,95,19.0,1,0,1
1542,Female,CBSE,Private,Rural,9,3,1,1,0,4,1,0,0,66,44,45,45,22,28,43,183,36.6,0,1,1
1543,Male,ICSE,Private,Urban,10,1,3,2,0,1,1,0,2,79,100,25,16,42,26,41,150,30.0,0,0,1
1544,Female,CBSE,Private,Urban,9,3,2,1,0,6,1,0,0,88,88,76,56,43,58,29,262,52.4,0,0,1
1545,Female,State Board,Government,Rural,9,3,4,3,0,3,1,1,2,68,65,48,32,11,34,28,153,30.6,0,0,1
1546,Male,CBSE,Private,Urban,10,3,4,1,0,4,0,0,1,85,80,31,32,18,57,32,170,34.0,1,0,1
1547,Male,State Board,Government,Urban,10,2,1,2,0,2,1,0,0,79,35,26,26,25,29,32,138,27.6,1,0,1
1548,Female,ICSE,Government,Semi-Urban,9,2,3,0,0,5,1,1,0,83,100,53,50,50,20,31,204,40.8,1,0,1
1549,Female,CBSE,Government,Urban,11,2,4,1,1,3,1,0,1,77,54,40,44,13,42,30,169,33.8,0,1,1
1550,Female,ICSE,Government,Semi-Urban,12,2,5,1,0,3,1,1,1,78,62,40,37,37,20,28,162,32.4,1,0,1
1551,Female,State Board,Government,Rural,9,1,3,2,0,2,1,1,1,76,31,38,15,36,27,29,145,29.0,1,0,1
1552,Female,ICSE,Government,Urban,10,4,5,1,0,2,1,1,0,68,73,34,34,51,27,32,178,35.6,1,1,1
1553,Female,State Board,Private,Semi-Urban,10,1,3,3,1,4,1,0,1,71,45,25,45,29,49,22,170,34.0,0,0,1
1554,Female,State Board,Private,Semi-Urban,11,1,2,1,0,2,1,0,2,68,66,25,41,31,43,26,166,33.2,1,0,1
1555,Female,CBSE,Government,Urban,12,2,4,1,0,2,1,1,0,76,55,40,39,7,23,51,160,32.0,0,0,1
1556,Male,CBSE,Private,Semi-Urban,9,3,3,1,0,2,1,0,1,61,45,32,34,46,26,23,161,32.2,1,0,1
1557,Male,ICSE,Private,Urban,9,2,3,2,0,4,0,1,0,84,50,35,37,23,34,20,149,29.8,0,0,1
1558,Male,CBSE,Government,Semi-Urban,12,2,3,1,0,2,0,0,2,73,69,37,39,17,37,34,164,32.8,1,1,1
1559,Female,State Board,Government,Urban,9,3,4,2,0,3,1,1,2,86,41,13,27,28,33,31,132,26.4,1,0,1
1560,Female,State Board,Private,Semi-Urban,12,2,4,3,0,3,0,1,0,73,51,31,13,41,17,13,115,23.0,0,0,1
1561,Female,CBSE,Private,Urban,10,4,3,3,0,0,1,1,0,77,76,32,29,49,22,51,183,36.6,0,0,1
1562,Male,CBSE,Private,Rural,12,4,2,1,0,1,0,1,0,81,100,51,24,32,33,29,169,33.8,0,0,1
1563,Male,State Board,Government,Urban,9,2,3,2,1,4,1,1,1,88,73,22,24,44,49,32,171,34.2,0,0,1
1564,Male,CBSE,Government,Semi-Urban,12,2,3,2,0,2,0,1,1,68,48,40,16,23,29,25,133,26.6,0,0,1
1565,Male,State Board,Government,Semi-Urban,11,3,2,1,1,5,0,1,2,76,58,34,56,20,25,50,185,37.0,0,0,1
1566,Female,CBSE,Government,Semi-Urban,10,0,4,2,0,4,1,1,1,77,65,39,34,46,40,16,175,35.0,1,0,1
1567,Male,ICSE,Government,Semi-Urban,10,2,3,0,0,4,1,0,0,78,58,53,38,27,32,38,188,37.6,0,1,1
1568,Male,CBSE,Government,Semi-Urban,12,2,2,1,0,6,1,0,2,72,81,47,27,53,50,61,238,47.6,1,0,1
1569,Female,ICSE,Private,Rural,9,4,1,1,0,3,1,1,1,82,68,40,16,46,61,36,199,39.8,1,0,1
1570,Male,CBSE,Private,Rural,11,0,2,1,0,4,1,0,1,51,81,34,21,35,27,18,135,27.0,1,1,1
1571,Male,ICSE,Government,Urban,10,3,5,1,0,2,0,1,0,70,59,25,43,46,38,23,175,35.0,1,0,1
1572,Female,CBSE,Private,Semi-Urban,10,3,2,1,0,7,1,0,0,84,88,47,48,66,39,48,248,49.6,0,1,0
1573,Male,State Board,Government,Rural,9,2,2,2,0,6,1,1,2,69,62,30,41,32,36,49,188,37.6,1,1,1
1574,Female,State Board,Private,Rural,9,1,3,0,0,3,1,0,1,83,47,32,38,21,32,28,151,30.2,0,0,1
1575,Female,CBSE,Government,Rural,11,4,2,1,1,4,0,1,0,76,100,15,30,16,36,45,142,28.4,1,0,1
1576,Female,CBSE,Private,Urban,12,2,1,1,0,5,1,0,1,77,32,37,45,52,57,17,208,41.6,1,1,1
1577,Male,CBSE,Private,Urban,9,3,2,2,0,3,0,0,2,92,51,30,24,24,28,16,122,24.4,1,1,1
1578,Female,ICSE,Private,Semi-Urban,12,1,3,2,0,2,1,0,0,72,53,24,40,37,33,22,156,31.2,0,1,1
1579,Male,ICSE,Government,Semi-Urban,11,2,3,2,0,4,1,1,1,84,100,44,44,30,22,55,195,39.0,1,0,1
1580,Male,CBSE,Private,Semi-Urban,12,2,2,2,0,3,0,0,2,98,97,23,18,50,41,37,169,33.8,1,0,1
1581,Male,CBSE,Government,Semi-Urban,10,1,3,1,0,3,1,1,0,87,91,58,29,28,49,40,204,40.8,1,1,1
1582,Female,CBSE,Private,Rural,12,1,5,2,0,2,0,0,1,71,59,26,8,13,22,29,98,19.6,0,0,1
1583,Male,ICSE,Private,Urban,11,4,2,1,0,0,1,0,1,76,100,32,44,29,8,44,157,31.4,1,1,1
1584,Male,CBSE,Government,Rural,11,1,2,1,0,3,0,1,1,49,71,16,24,18,25,19,102,20.4,0,0,1
1585,Female,State Board,Private,Semi-Urban,11,1,2,2,0,4,1,1,0,83,82,37,13,40,37,43,170,34.0,1,1,1
1586,Male,CBSE,Private,Urban,12,2,3,0,0,3,0,1,0,68,68,45,33,28,38,22,166,33.2,1,0,1
1587,Male,ICSE,Government,Semi-Urban,10,3,4,2,1,5,1,1,1,67,64,47,29,39,56,55,226,45.2,0,0,1
1588,Male,CBSE,Private,Rural,9,1,2,2,0,2,1,1,0,58,60,34,9,20,21,17,101,20.2,0,1,1
1589,Male,CBSE,Government,Urban,10,3,4,1,0,1,1,1,1,70,61,36,45,21,21,20,143,28.6,1,0,1
1590,Male,State Board,Private,Urban,12,1,1,0,1,3,0,1,0,79,75,26,29,21,18,34,128,25.6,0,0,1
1591,Male,ICSE,Private,Rural,12,0,3,0,1,3,1,1,0,72,71,17,27,49,33,31,157,31.4,0,0,1
1592,Female,State Board,Private,Urban,9,1,4,3,0,4,0,1,2,73,64,29,25,30,35,33,152,30.4,1,1,1
1593,Male,CBSE,Private,Semi-Urban,12,4,2,2,0,2,1,1,1,90,92,36,21,15,32,39,143,28.6,1,1,1
1594,Male,CBSE,Private,Semi-Urban,11,1,3,1,1,5,0,1,2,77,20,38,13,19,34,15,119,23.8,1,0,1
1595,Female,State Board,Government,Semi-Urban,11,0,2,1,0,6,1,0,0,67,74,41,48,35,41,52,217,43.4,0,0,0
1596,Male,ICSE,Private,Semi-Urban,11,2,4,2,1,3,0,0,1,82,77,49,26,48,32,40,195,39.0,0,0,1
1597,Female,CBSE,Government,Urban,11,4,1,2,0,5,0,1,0,94,85,53,39,48,31,53,224,44.8,1,1,1
1598,Male,CBSE,Private,Semi-Urban,11,2,4,0,0,1,0,1,2,83,63,25,7,18,24,23,97,19.4,1,0,1
1599,Male,CBSE,Government,Urban,12,2,2,1,0,5,1,1,2,71,68,19,22,58,12,40,151,30.2,1,0,1
1600,Male,State Board,Government,Semi-Urban,9,0,4,2,0,5,0,0,0,59,82,47,37,30,35,34,183,36.6,1,0,1
1601,Male,CBSE,Private,Urban,9,2,2,0,0,4,1,1,2,77,91,54,42,49,40,50,235,47.0,0,0,0
1602,Male,CBSE,Government,Semi-Urban,11,3,4,1,1,3,1,0,0,77,59,20,49,19,35,44,167,33.4,0,1,1
1603,Male,CBSE,Private,Urban,12,3,2,3,0,0,1,1,1,76,69,42,39,0,31,28,140,28.0,1,0,1
1604,Male,CBSE,Government,Urban,10,2,5,2,0,2,1,0,2,58,95,38,30,17,37,18,140,28.0,0,0,1
1605,Male,CBSE,Government,Urban,10,2,1,1,0,2,0,1,2,66,26,22,24,0,19,38,103,20.6,1,0,1
1606,Male,CBSE,Private,Urban,12,1,2,0,0,2,1,1,2,94,52,48,27,50,32,36,193,38.6,1,1,1
1607,Male,CBSE,Government,Rural,11,2,3,0,0,3,0,0,0,79,91,50,55,35,22,29,191,38.2,1,0,1
1608,Male,State Board,Government,Urban,9,1,1,1,0,2,1,1,0,66,84,37,40,18,24,33,152,30.4,1,0,1
1609,Male,CBSE,Private,Rural,12,3,2,2,0,2,0,1,0,76,74,35,30,32,30,14,141,28.2,0,0,1
1610,Female,CBSE,Government,Rural,10,4,5,1,0,1,1,0,1,53,56,35,29,28,21,38,151,30.2,1,1,1
1611,Male,State Board,Private,Semi-Urban,10,4,5,2,0,2,1,1,2,94,49,32,48,39,44,20,183,36.6,1,0,1
1612,Female,ICSE,Government,Urban,10,4,2,3,0,5,1,1,0,77,54,36,41,46,30,33,186,37.2,0,0,1
1613,Female,CBSE,Government,Urban,11,3,5,1,1,2,0,1,1,84,92,26,49,29,37,37,178,35.6,1,0,1
1614,Male,CBSE,Private,Rural,10,3,3,1,0,2,1,0,0,52,53,24,4,16,28,37,109,21.8,0,0,1
1615,Female,CBSE,Government,Urban,12,2,2,1,0,2,0,1,0,81,66,26,32,35,36,29,158,31.6,1,1,1
1616,Female,ICSE,Government,Urban,12,3,4,3,0,4,1,1,1,74,51,28,27,39,43,39,176,35.2,0,0,1
1617,Male,State Board,Government,Semi-Urban,10,2,3,2,0,4,1,1,1,83,80,40,54,36,45,37,212,42.4,1,1,0
1618,Male,ICSE,Government,Rural,12,2,5,0,0,0,1,1,2,74,55,25,42,48,7,27,149,29.8,1,0,1
1619,Female,ICSE,Private,Rural,10,3,2,2,0,5,1,1,0,70,63,42,35,29,48,36,190,38.0,1,0,1
1620,Female,State Board,Government,Urban,10,2,3,2,0,5,1,0,2,68,34,16,46,20,47,29,158,31.6,1,0,1
1621,Male,CBSE,Private,Semi-Urban,9,2,1,3,0,1,1,0,0,87,35,23,41,26,19,6,115,23.0,1,1,1
1622,Male,CBSE,Private,Urban,11,4,1,1,0,2,1,1,0,79,65,34,32,23,35,24,148,29.6,0,0,1
1623,Male,ICSE,Government,Urban,11,1,1,1,0,2,1,1,1,66,41,21,48,27,15,26,137,27.4,0,1,1
1624,Male,State Board,Private,Rural,9,2,5,2,0,2,1,0,2,60,100,33,33,23,15,31,135,27.0,1,0,1
1625,Female,CBSE,Government,Urban,9,4,4,1,0,3,0,0,0,60,27,11,23,20,19,24,97,19.4,0,0,1
1626,Male,ICSE,Private,Urban,11,3,4,1,0,0,1,1,0,74,50,31,34,44,21,23,153,30.6,0,1,1
1627,Male,CBSE,Government,Urban,10,2,3,0,0,1,1,1,1,86,65,39,27,25,28,22,141,28.2,0,1,1
1628,Female,CBSE,Private,Rural,10,1,2,1,1,5,0,0,0,71,58,35,30,20,20,24,129,25.8,0,0,1
1629,Male,CBSE,Private,Rural,11,2,2,1,1,2,1,0,2,64,45,35,37,34,17,21,144,28.8,1,1,1
1630,Male,CBSE,Government,Semi-Urban,10,4,2,3,0,5,1,1,2,83,47,39,35,23,36,36,169,33.8,1,0,1
1631,Female,State Board,Private,Rural,9,3,2,1,0,4,0,1,0,61,47,34,10,19,21,32,116,23.2,0,0,1
1632,Female,CBSE,Private,Urban,10,2,4,1,0,0,1,1,1,80,59,30,30,31,33,25,149,29.8,1,0,1
1633,Male,ICSE,Government,Semi-Urban,10,1,3,2,1,4,1,1,2,73,100,44,28,43,43,25,183,36.6,0,0,1
1634,Female,State Board,Government,Urban,12,0,1,1,0,3,1,1,0,82,66,16,38,41,55,16,166,33.2,1,0,1
1635,Male,State Board,Private,Urban,12,4,1,1,0,2,1,1,1,64,86,24,39,23,44,58,188,37.6,0,0,1
1636,Male,CBSE,Private,Semi-Urban,12,2,1,2,0,3,1,1,0,71,74,48,45,35,34,20,182,36.4,1,1,1
1637,Female,CBSE,Private,Rural,10,3,3,2,0,4,0,0,1,53,85,8,40,25,26,26,125,25.0,0,1,1
1638,Male,CBSE,Private,Urban,11,1,5,2,1,4,1,1,0,77,20,27,38,20,31,33,149,29.8,0,0,1
1639,Male,State Board,Private,Urban,9,3,3,2,0,5,1,1,2,92,59,52,32,49,43,43,219,43.8,1,1,1
1640,Male,State Board,Private,Urban,10,4,4,1,0,4,1,1,0,74,88,41,48,33,36,46,204,40.8,0,0,0
1641,Male,CBSE,Government,Urban,11,3,3,3,0,1,1,1,0,69,54,23,45,27,34,21,150,30.0,1,0,1
1642,Male,State Board,Government,Rural,10,1,2,1,0,2,1,1,2,73,96,35,25,32,19,35,146,29.2,1,1,1
1643,Male,CBSE,Private,Semi-Urban,9,3,1,2,0,7,1,1,0,90,91,44,63,32,44,46,229,45.8,0,0,1
1644,Male,ICSE,Private,Semi-Urban,10,3,4,1,0,4,1,0,0,79,56,38,30,44,42,33,187,37.4,1,1,1
1645,Male,CBSE,Government,Rural,9,2,4,3,1,7,1,1,0,71,55,31,28,40,35,39,173,34.6,0,0,1
1646,Female,State Board,Government,Urban,10,4,2,2,0,5,1,1,0,64,46,46,36,11,32,44,169,33.8,0,0,1
1647,Female,CBSE,Private,Semi-Urban,9,3,3,2,0,3,1,1,2,93,53,50,41,35,34,34,194,38.8,1,0,0
1648,Female,State Board,Private,Semi-Urban,10,4,3,1,1,3,1,1,2,100,42,34,43,25,27,34,163,32.6,0,1,1
1649,Female,State Board,Government,Semi-Urban,9,3,3,1,0,3,0,1,0,80,72,20,23,42,45,44,174,34.8,1,1,1
1650,Male,State Board,Private,Rural,12,1,5,2,0,0,1,1,1,49,38,14,22,3,9,28,76,15.2,0,1,1
1651,Male,CBSE,Government,Rural,10,2,3,2,0,3,1,0,1,59,75,30,23,25,35,47,160,32.0,1,0,1
1652,Female,CBSE,Government,Urban,10,1,3,1,1,5,1,0,2,81,76,43,21,38,42,19,163,32.6,0,0,1
1653,Female,CBSE,Government,Rural,11,4,1,3,0,2,1,1,0,60,35,14,13,22,14,32,95,19.0,0,1,1
1654,Female,CBSE,Government,Urban,11,3,1,2,1,4,1,1,1,87,92,31,29,43,39,43,185,37.0,1,0,1
1655,Male,CBSE,Private,Urban,9,3,2,1,0,4,0,1,1,85,74,42,40,18,27,26,153,30.6,0,0,1
1656,Male,State Board,Government,Urban,10,2,1,2,0,2,1,1,1,67,78,39,40,44,43,31,197,39.4,1,1,1
1657,Male,ICSE,Private,Urban,9,1,4,1,0,2,1,0,1,80,51,24,14,33,18,40,129,25.8,1,0,1
1658,Male,CBSE,Private,Semi-Urban,12,3,4,1,0,1,0,1,0,71,76,16,32,40,23,20,131,26.2,1,0,1
1659,Female,CBSE,Government,Semi-Urban,11,2,1,1,0,2,0,0,2,73,85,63,16,36,17,33,165,33.0,1,1,1
1660,Female,CBSE,Private,Rural,9,1,4,2,0,1,1,1,1,64,63,34,31,24,12,34,135,27.0,0,1,1
1661,Male,ICSE,Private,Semi-Urban,9,3,2,2,1,2,1,1,2,91,100,34,29,21,52,25,161,32.2,0,1,1
1662,Female,CBSE,Private,Semi-Urban,11,0,2,1,0,5,1,1,0,100,65,48,27,30,44,37,186,37.2,1,0,1
1663,Female,State Board,Government,Urban,10,2,2,2,0,2,1,0,1,60,85,29,37,44,31,32,173,34.6,1,0,1
1664,Male,CBSE,Private,Urban,9,2,2,2,0,3,1,0,2,60,70,39,23,42,23,21,148,29.6,0,1,1
1665,Male,State Board,Private,Semi-Urban,11,1,2,2,0,2,1,1,1,77,75,32,26,22,39,21,140,28.0,0,1,1
1666,Male,State Board,Government,Semi-Urban,10,4,3,0,0,5,1,1,2,59,34,35,10,3,26,32,106,21.2,1,0,1
1667,Male,CBSE,Government,Rural,12,1,3,2,0,5,0,1,2,65,71,32,41,28,40,40,181,36.2,1,1,1
1668,Male,State Board,Private,Urban,11,1,5,1,0,4,1,0,0,87,51,22,43,31,27,42,165,33.0,1,1,1
1669,Male,CBSE,Private,Urban,9,1,1,1,0,3,1,1,1,94,49,52,30,27,25,22,156,31.2,1,0,1
1670,Male,State Board,Government,Semi-Urban,12,3,1,1,0,3,1,1,0,77,96,29,21,40,45,43,178,35.6,0,1,1
1671,Male,CBSE,Private,Urban,10,2,1,1,0,1,1,1,1,78,61,14,38,34,36,19,141,28.2,1,0,1
1672,Female,State Board,Government,Urban,10,3,3,2,0,6,1,1,0,55,46,33,26,42,40,18,159,31.8,1,0,1
1673,Male,State Board,Private,Semi-Urban,11,0,1,1,0,2,0,0,1,80,58,15,19,27,14,20,95,19.0,0,0,1
1674,Female,State Board,Government,Urban,11,0,4,2,0,4,0,1,1,75,41,27,50,7,23,38,145,29.0,0,0,1
1675,Male,State Board,Private,Semi-Urban,11,2,3,0,0,5,0,1,1,86,90,49,32,34,43,47,205,41.0,0,1,1
1676,Female,CBSE,Government,Urban,10,4,3,1,0,2,0,1,0,67,52,38,34,49,19,27,167,33.4,1,1,1
1677,Male,CBSE,Government,Urban,12,4,3,3,0,5,1,1,2,70,74,48,43,39,52,34,216,43.2,0,1,0
1678,Male,CBSE,Government,Urban,10,1,2,2,0,4,0,1,0,60,89,28,34,32,7,26,127,25.4,0,0,1
1679,Female,CBSE,Government,Rural,9,2,2,1,0,6,0,0,0,42,55,31,31,31,22,30,145,29.0,0,0,1
1680,Female,ICSE,Private,Urban,10,4,2,1,0,2,1,1,0,68,74,37,35,34,28,21,155,31.0,0,0,1
1681,Female,CBSE,Government,Rural,9,2,3,1,0,1,1,1,2,49,46,5,24,0,0,18,47,9.4,0,0,1
1682,Male,State Board,Private,Urban,12,4,2,1,0,2,0,1,2,83,100,42,34,31,22,33,162,32.4,1,0,1
1683,Male,ICSE,Government,Rural,11,1,1,2,0,3,1,0,1,59,81,15,43,27,36,15,136,27.2,0,0,1
1684,Female,State Board,Government,Urban,11,4,5,2,1,3,1,1,2,69,61,54,19,44,34,24,175,35.0,1,0,1
1685,Female,CBSE,Government,Semi-Urban,10,3,1,1,0,2,0,0,0,65,51,21,34,23,40,28,146,29.2,1,0,1
1686,Female,State Board,Government,Semi-Urban,11,4,4,3,0,0,0,0,2,42,62,18,27,2,35,20,102,20.4,1,0,1
1687,Female,State Board,Government,Rural,12,3,4,2,0,4,1,1,0,80,58,29,42,38,41,33,183,36.6,1,0,1
1688,Male,CBSE,Government,Urban,11,2,2,1,1,6,1,1,0,64,100,35,50,29,44,31,189,37.8,0,1,1
1689,Female,ICSE,Private,Urban,10,4,1,1,0,4,1,1,0,75,42,56,31,18,34,48,187,37.4,0,0,1
1690,Male,State Board,Government,Urban,12,2,1,2,0,4,0,1,1,60,67,38,9,18,2,19,86,17.2,0,0,1
1691,Male,CBSE,Private,Rural,9,2,3,2,1,4,1,1,2,79,64,19,32,37,20,36,144,28.8,1,1,1
1692,Male,CBSE,Private,Semi-Urban,10,3,3,1,0,4,1,1,0,81,62,53,26,47,38,32,196,39.2,0,1,1
1693,Male,CBSE,Government,Rural,9,3,4,1,0,4,0,1,2,56,63,44,23,34,38,31,170,34.0,1,1,1
1694,Male,CBSE,Private,Urban,12,4,5,1,0,4,1,0,1,76,62,37,25,42,42,43,189,37.8,1,0,1
1695,Male,CBSE,Private,Urban,10,1,3,2,0,3,1,1,0,96,80,41,31,39,28,23,162,32.4,1,0,1
1696,Female,CBSE,Private,Urban,10,3,2,1,0,2,0,1,1,79,75,31,24,29,40,30,154,30.8,1,1,1
1697,Male,CBSE,Private,Rural,12,3,2,1,0,3,1,1,1,68,72,54,8,38,48,45,193,38.6,1,1,1
1698,Female,CBSE,Government,Semi-Urban,11,1,4,2,0,3,1,1,2,65,20,17,31,0,34,42,124,24.8,0,0,1
1699,Male,State Board,Private,Rural,10,2,2,3,0,3,0,0,1,51,70,27,46,24,35,23,155,31.0,1,0,1
1700,Male,CBSE,Private,Urban,10,2,1,3,0,3,1,1,1,78,35,23,32,14,21,26,116,23.2,0,0,1
1701,Female,State Board,Private,Semi-Urban,9,2,4,1,0,4,0,0,0,83,76,23,33,45,47,58,206,41.2,1,0,1
1702,Male,CBSE,Private,Semi-Urban,11,4,3,1,0,4,1,1,1,90,91,66,41,39,45,54,245,49.0,0,1,0
1703,Male,CBSE,Government,Urban,9,3,5,1,1,5,0,0,2,52,48,19,25,28,35,23,130,26.0,0,0,1
1704,Male,CBSE,Government,Rural,9,3,3,1,0,3,0,1,0,53,60,30,27,10,31,21,119,23.8,1,1,1
1705,Male,CBSE,Private,Rural,11,4,1,3,0,1,1,1,2,64,54,8,23,33,24,34,122,24.4,0,0,1
1706,Female,CBSE,Private,Rural,11,2,5,1,0,2,1,1,1,69,87,32,25,38,26,24,145,29.0,1,1,1
1707,Male,ICSE,Government,Semi-Urban,12,4,2,1,0,3,1,1,0,73,66,39,50,38,34,45,206,41.2,1,0,0
1708,Female,CBSE,Government,Urban,11,2,2,1,0,0,1,1,2,73,96,22,14,20,40,33,129,25.8,1,0,1
1709,Male,ICSE,Government,Urban,10,4,3,1,0,5,0,1,1,79,72,45,44,28,34,43,194,38.8,0,0,1
1710,Female,ICSE,Government,Rural,11,1,1,2,0,3,1,1,0,55,69,25,25,27,36,24,137,27.4,0,1,1
1711,Female,CBSE,Private,Urban,12,4,3,1,0,4,1,1,0,89,66,52,58,30,47,33,220,44.0,1,0,1
1712,Female,CBSE,Private,Semi-Urban,12,1,1,1,0,5,0,1,0,84,79,50,38,37,33,50,208,41.6,1,0,0
1713,Male,State Board,Government,Semi-Urban,12,2,3,1,0,2,1,0,2,71,33,21,22,3,40,23,109,21.8,0,1,1
1714,Male,CBSE,Government,Semi-Urban,11,3,2,1,0,4,1,1,1,91,66,40,35,31,35,34,175,35.0,0,0,1
1715,Male,CBSE,Government,Rural,11,2,4,1,0,3,1,0,2,80,63,37,34,50,50,33,204,40.8,0,1,0
1716,Female,State Board,Government,Urban,9,3,4,2,0,3,1,1,0,84,78,45,25,39,42,39,190,38.0,1,1,1
1717,Female,CBSE,Private,Urban,9,2,2,2,0,2,0,1,0,49,61,23,14,22,22,11,92,18.4,0,1,1
1718,Female,ICSE,Private,Urban,10,3,2,2,0,5,1,1,0,95,46,40,19,55,29,31,174,34.8,0,0,1
1719,Male,State Board,Private,Semi-Urban,9,1,2,3,0,2,1,1,1,87,65,28,19,4,29,23,103,20.6,1,0,1
1720,Female,CBSE,Government,Urban,10,1,2,3,0,4,1,1,2,95,45,34,32,22,31,40,159,31.8,0,1,1
1721,Female,CBSE,Private,Urban,12,2,4,3,1,0,1,0,1,92,30,36,25,17,10,13,101,20.2,1,0,1
1722,Male,CBSE,Private,Rural,9,2,4,1,0,5,1,1,0,85,78,49,21,47,40,24,181,36.2,0,0,1
1723,Male,CBSE,Private,Rural,11,1,2,1,0,5,1,0,2,78,75,45,35,44,30,17,171,34.2,0,1,1
1724,Female,CBSE,Private,Urban,9,2,2,1,1,3,1,1,2,93,73,43,39,24,41,20,167,33.4,0,0,1
1725,Female,ICSE,Government,Urban,10,2,1,2,0,3,1,0,0,94,88,36,34,44,50,50,214,42.8,0,1,0
1726,Female,CBSE,Government,Rural,9,1,3,3,0,4,1,1,2,67,53,34,22,24,18,30,128,25.6,0,1,1
1727,Male,CBSE,Government,Urban,12,3,1,2,0,6,1,1,0,59,39,22,27,42,50,37,178,35.6,0,1,1
1728,Female,State Board,Government,Urban,11,4,5,1,0,0,1,0,0,71,63,43,23,17,28,35,146,29.2,0,0,1
1729,Male,State Board,Government,Urban,10,1,4,3,0,4,0,1,0,78,58,3,23,27,21,30,104,20.8,1,0,1
1730,Male,ICSE,Private,Semi-Urban,11,3,2,1,0,2,1,1,1,80,49,30,31,23,38,29,151,30.2,0,0,1
1731,Male,CBSE,Private,Urban,11,3,3,0,0,3,0,1,1,67,63,43,53,39,27,41,203,40.6,1,0,1
1732,Female,ICSE,Private,Rural,10,2,5,1,0,3,1,1,0,53,53,17,21,22,29,31,120,24.0,1,0,1
1733,Female,CBSE,Government,Semi-Urban,11,3,3,0,0,2,1,0,0,67,31,32,23,25,23,41,144,28.8,0,0,1
1734,Female,CBSE,Private,Semi-Urban,11,2,2,1,0,3,1,0,2,88,57,27,32,36,25,39,159,31.8,0,0,1
1735,Male,CBSE,Private,Urban,9,2,2,1,0,1,1,1,2,95,44,26,21,32,36,22,137,27.4,0,0,1
1736,Female,State Board,Private,Semi-Urban,11,0,4,1,0,5,1,1,2,89,69,49,49,45,36,33,212,42.4,0,1,0
1737,Male,CBSE,Private,Semi-Urban,11,3,3,2,0,0,0,1,0,90,53,28,1,25,11,18,83,16.6,0,0,1
1738,Female,CBSE,Private,Rural,11,3,3,2,0,4,1,0,0,69,85,18,31,31,43,49,172,34.4,0,0,1
1739,Male,CBSE,Private,Rural,11,0,4,2,0,3,1,0,0,52,93,22,38,25,19,27,131,26.2,1,1,1
1740,Male,CBSE,Government,Semi-Urban,10,2,4,1,0,1,1,1,0,70,77,41,27,29,19,22,138,27.6,1,1,1
1741,Male,State Board,Government,Rural,12,4,5,2,0,3,1,0,1,62,37,36,21,31,42,33,163,32.6,0,0,1
1742,Male,State Board,Government,Rural,9,2,1,3,0,1,1,1,1,60,92,45,30,24,15,26,140,28.0,0,1,1
1743,Female,State Board,Government,Rural,11,2,3,1,0,3,1,0,1,65,93,53,43,33,12,38,179,35.8,1,0,1
1744,Male,CBSE,Government,Urban,11,4,4,1,0,1,1,0,1,79,65,30,34,15,39,51,169,33.8,0,0,1
1745,Male,CBSE,Private,Urban,10,3,4,1,0,4,1,1,0,88,88,68,33,46,40,51,238,47.6,1,1,0
1746,Female,CBSE,Private,Urban,12,3,3,0,0,2,0,1,0,77,55,30,33,29,27,29,148,29.6,1,1,1
1747,Male,CBSE,Private,Semi-Urban,11,3,2,2,0,2,1,1,1,60,31,14,19,32,21,9,95,19.0,1,0,1
1748,Female,CBSE,Government,Semi-Urban,10,4,4,2,0,3,1,0,0,70,51,27,39,30,35,27,158,31.6,0,1,1
1749,Female,State Board,Private,Semi-Urban,9,2,4,1,1,2,0,1,0,80,96,11,46,13,25,39,134,26.8,1,1,1
1750,Female,CBSE,Private,Rural,9,2,1,2,0,3,0,1,0,82,38,42,0,20,41,14,117,23.4,1,1,1
1751,Male,CBSE,Government,Rural,11,2,3,2,1,1,1,1,0,59,64,40,24,20,9,45,138,27.6,1,0,1
1752,Female,CBSE,Private,Rural,11,4,2,3,1,4,1,1,0,75,65,24,15,39,38,33,149,29.8,0,0,1
1753,Female,CBSE,Government,Urban,12,3,2,1,0,6,0,1,2,77,55,35,59,13,43,36,186,37.2,0,0,1
1754,Male,CBSE,Government,Semi-Urban,12,1,1,3,0,7,1,1,2,75,57,38,31,34,29,29,161,32.2,1,0,1
1755,Male,State Board,Private,Urban,11,4,3,1,0,3,1,1,0,89,66,29,44,40,28,42,183,36.6,1,0,1
1756,Female,State Board,Government,Urban,10,2,3,2,1,4,0,1,0,68,54,11,26,19,38,16,110,22.0,0,1,1
1757,Female,State Board,Private,Urban,12,1,3,0,0,0,0,0,1,74,39,19,11,19,10,42,101,20.2,0,1,1
1758,Female,CBSE,Private,Urban,11,2,3,0,1,5,1,1,0,79,68,35,27,29,32,50,173,34.6,0,1,1
1759,Female,CBSE,Private,Semi-Urban,12,2,4,2,0,4,0,1,0,73,84,32,50,25,44,44,195,39.0,1,0,1
1760,Female,CBSE,Government,Rural,11,4,2,1,0,2,1,1,0,70,80,37,42,27,34,19,159,31.8,1,0,1
1761,Male,CBSE,Government,Urban,9,1,1,1,0,5,1,1,0,67,50,47,50,22,14,33,166,33.2,0,0,1
1762,Male,State Board,Government,Semi-Urban,11,4,4,1,0,3,0,1,2,77,42,28,30,35,48,42,183,36.6,0,0,1
1763,Male,CBSE,Private,Semi-Urban,9,3,2,2,0,2,0,1,2,78,59,30,29,18,22,33,132,26.4,0,1,1
1764,Female,CBSE,Government,Urban,12,1,5,0,0,4,0,0,0,77,93,46,34,26,34,28,168,33.6,0,0,1
1765,Male,CBSE,Government,Semi-Urban,11,4,4,2,0,1,0,1,0,70,76,35,25,45,32,22,159,31.8,0,1,1
1766,Female,CBSE,Private,Urban,12,2,3,0,0,5,0,1,0,76,77,32,26,44,44,32,178,35.6,0,0,1
1767,Female,State Board,Private,Semi-Urban,9,2,5,1,0,1,1,1,0,80,81,35,33,13,53,27,161,32.2,0,0,1
1768,Female,CBSE,Government,Semi-Urban,11,2,1,1,0,1,0,1,2,77,72,32,17,16,9,41,115,23.0,1,1,1
1769,Male,CBSE,Private,Urban,12,4,2,1,0,2,1,0,1,79,67,23,37,33,42,14,149,29.8,1,0,1
1770,Female,CBSE,Private,Urban,9,2,3,1,0,4,1,1,1,97,76,54,41,41,48,46,230,46.0,1,0,0
1771,Male,CBSE,Government,Semi-Urban,12,1,2,1,0,2,0,0,2,65,55,38,26,7,22,10,103,20.6,0,0,1
1772,Female,State Board,Government,Rural,10,1,5,3,0,1,0,1,2,64,39,13,36,30,28,10,117,23.4,1,1,1
1773,Male,State Board,Private,Urban,9,2,1,2,0,2,0,1,2,64,78,28,25,32,35,5,125,25.0,1,1,1
1774,Male,State Board,Private,Semi-Urban,9,3,3,0,0,3,0,1,0,83,87,44,43,39,23,31,180,36.0,0,1,1
1775,Female,State Board,Private,Semi-Urban,9,2,3,1,0,1,1,1,0,68,44,20,45,37,43,40,185,37.0,0,1,1
1776,Male,CBSE,Government,Rural,11,1,3,2,0,1,0,1,1,62,79,30,36,27,9,26,128,25.6,1,1,1
1777,Male,ICSE,Government,Rural,11,1,2,1,0,6,1,1,0,61,95,42,50,41,28,27,188,37.6,1,1,1
1778,Female,CBSE,Government,Semi-Urban,11,2,2,0,0,2,1,1,2,77,64,17,27,45,29,41,159,31.8,0,0,1
1779,Female,CBSE,Government,Semi-Urban,10,4,4,2,0,3,1,1,1,69,50,38,34,41,52,44,209,41.8,0,0,0
1780,Female,State Board,Government,Rural,10,2,2,2,0,2,1,0,2,59,67,17,13,17,24,28,99,19.8,1,0,1
1781,Female,CBSE,Government,Urban,9,4,4,2,0,2,1,1,0,89,55,44,38,38,34,54,208,41.6,1,1,0
1782,Female,State Board,Private,Urban,10,2,3,0,1,4,0,1,2,82,53,25,33,23,46,39,166,33.2,1,0,1
1783,Male,CBSE,Private,Urban,12,1,4,1,1,4,0,0,0,74,72,31,31,34,29,38,163,32.6,0,0,1
1784,Male,ICSE,Private,Rural,9,4,4,2,0,3,1,1,2,67,36,45,39,33,19,22,158,31.6,0,1,1
1785,Male,ICSE,Private,Rural,9,2,2,1,0,1,0,1,0,86,39,29,11,8,20,30,98,19.6,0,0,1
1786,Female,State Board,Government,Urban,12,3,3,1,1,5,1,1,1,72,65,27,52,33,50,38,200,40.0,1,1,1
1787,Female,ICSE,Private,Semi-Urban,9,4,4,1,0,3,1,1,2,73,64,26,44,36,37,40,183,36.6,1,1,1
1788,Male,ICSE,Government,Semi-Urban,10,1,3,1,0,6,1,1,1,68,71,33,36,31,58,31,189,37.8,1,0,1
1789,Male,CBSE,Private,Urban,11,1,5,3,0,0,1,1,1,74,98,35,27,31,37,31,161,32.2,0,1,1
1790,Female,CBSE,Private,Rural,12,3,3,2,0,3,1,0,2,64,66,36,36,38,26,23,159,31.8,1,1,1
1791,Male,CBSE,Private,Urban,10,2,1,2,1,6,1,1,1,67,75,28,50,33,36,14,161,32.2,1,0,1
1792,Female,State Board,Private,Urban,12,1,2,0,0,2,1,1,1,68,47,15,27,27,18,36,123,24.6,1,1,1
1793,Male,CBSE,Private,Semi-Urban,12,0,5,1,0,3,1,1,0,71,78,37,34,45,27,18,161,32.2,1,1,1
1794,Female,ICSE,Government,Semi-Urban,9,0,2,1,0,3,1,0,2,80,55,29,29,32,75,30,195,39.0,1,0,1
1795,Male,CBSE,Government,Urban,9,3,4,1,0,2,1,0,1,71,66,55,49,32,43,35,214,42.8,1,0,1
1796,Female,CBSE,Private,Semi-Urban,10,1,4,3,1,3,1,0,1,77,63,31,25,18,39,33,146,29.2,0,0,1
1797,Female,State Board,Government,Semi-Urban,12,2,2,1,0,2,1,1,0,87,83,54,33,39,29,31,186,37.2,1,0,1
1798,Female,CBSE,Private,Urban,9,3,1,1,0,2,1,1,1,92,41,19,44,31,46,32,172,34.4,0,0,1
1799,Female,CBSE,Private,Urban,9,2,4,1,0,5,1,0,0,77,23,18,33,44,44,37,176,35.2,1,1,1
1800,Female,CBSE,Government,Semi-Urban,12,0,2,2,1,4,0,1,0,68,61,15,36,24,45,33,153,30.6,1,0,1
1801,Female,State Board,Private,Urban,10,3,4,1,0,3,1,1,1,71,73,48,25,15,54,52,194,38.8,0,1,1
1802,Male,State Board,Private,Rural,10,0,3,1,0,4,0,1,0,76,67,49,28,12,16,33,138,27.6,1,0,1
1803,Female,CBSE,Private,Rural,12,3,3,1,0,3,1,1,0,67,87,29,50,41,25,36,181,36.2,1,0,1
1804,Female,CBSE,Private,Rural,10,4,4,2,0,2,1,0,1,66,72,29,25,25,23,23,125,25.0,1,1,1
1805,Male,CBSE,Private,Urban,9,2,2,0,0,2,1,1,0,71,54,18,26,31,20,33,128,25.6,1,1,1
1806,Female,State Board,Private,Rural,12,2,3,3,0,3,0,0,0,62,23,4,23,21,25,28,101,20.2,1,0,1
1807,Female,ICSE,Private,Semi-Urban,9,2,2,2,0,1,1,1,0,83,60,36,17,24,22,26,125,25.0,1,0,1
1808,Female,CBSE,Government,Urban,11,2,2,1,0,2,1,1,1,61,83,33,25,27,51,35,171,34.2,0,1,1
1809,Male,CBSE,Private,Urban,11,4,3,2,0,2,0,1,1,89,57,32,31,20,50,28,161,32.2,0,0,1
1810,Male,CBSE,Private,Urban,10,4,4,0,0,6,0,1,1,74,65,28,40,38,41,47,194,38.8,0,0,1
1811,Female,ICSE,Government,Semi-Urban,11,2,2,3,0,0,1,1,0,73,72,42,37,17,45,34,175,35.0,1,0,1
1812,Female,State Board,Private,Semi-Urban,9,3,3,1,0,3,1,1,0,66,46,26,45,24,45,39,179,35.8,0,1,1
1813,Male,CBSE,Private,Urban,11,4,3,1,0,6,0,1,0,79,76,48,31,35,37,42,193,38.6,1,0,1
1814,Female,CBSE,Government,Semi-Urban,9,4,2,1,0,3,1,0,1,71,94,24,38,33,18,27,140,28.0,0,0,1
1815,Female,CBSE,Private,Urban,10,2,2,0,0,4,1,1,2,79,61,34,41,42,33,29,179,35.8,1,0,1
1816,Male,State Board,Private,Semi-Urban,10,2,5,3,0,3,1,1,0,94,44,37,48,30,27,39,181,36.2,0,1,1
1817,Female,CBSE,Private,Urban,9,2,4,0,1,2,1,1,0,81,63,36,38,40,34,56,204,40.8,1,0,0
1818,Male,State Board,Government,Rural,11,4,3,2,0,0,1,1,0,57,24,22,22,34,21,16,115,23.0,1,0,1
1819,Male,ICSE,Government,Rural,10,1,3,1,1,3,1,1,1,57,71,34,34,35,29,33,165,33.0,1,0,1
1820,Male,CBSE,Government,Semi-Urban,12,3,1,3,0,2,1,1,1,80,73,20,37,34,36,25,152,30.4,1,0,1
1821,Female,CBSE,Private,Urban,10,2,3,1,0,2,0,1,1,92,95,38,25,36,23,25,147,29.4,1,1,1
1822,Male,CBSE,Government,Urban,11,2,3,1,0,2,0,1,2,77,61,30,29,35,32,21,147,29.4,1,1,1
1823,Male,ICSE,Private,Rural,12,2,3,1,0,6,1,0,1,76,72,44,54,39,37,19,193,38.6,1,1,1
1824,Male,State Board,Government,Urban,11,4,2,2,0,7,1,1,0,81,49,43,38,48,43,54,226,45.2,0,1,0
1825,Female,ICSE,Government,Urban,9,1,1,0,0,3,1,1,0,89,58,21,33,36,42,10,142,28.4,1,1,1
1826,Female,CBSE,Private,Urban,12,3,2,1,1,2,1,1,1,60,37,11,20,18,11,21,81,16.2,1,0,1
1827,Male,CBSE,Private,Semi-Urban,11,1,5,1,0,1,1,1,1,86,61,9,7,37,28,18,99,19.8,0,1,1
1828,Male,State Board,Government,Semi-Urban,12,1,3,2,1,4,1,1,1,84,59,41,32,31,31,23,158,31.6,1,0,1
1829,Female,State Board,Government,Rural,11,2,3,1,1,6,0,1,1,51,70,41,34,29,27,45,176,35.2,1,1,1
1830,Male,CBSE,Government,Urban,12,2,1,2,0,3,1,1,1,66,53,37,22,21,37,29,146,29.2,1,0,1
1831,Male,State Board,Private,Urban,11,2,1,1,0,0,0,0,2,71,66,26,10,22,15,12,85,17.0,1,1,1
1832,Male,ICSE,Private,Rural,9,2,4,2,0,4,1,1,1,62,58,12,22,40,27,26,127,25.4,0,0,1
1833,Male,ICSE,Government,Rural,12,1,3,3,0,4,0,1,2,60,59,17,34,34,20,19,124,24.8,0,1,1
1834,Male,State Board,Government,Urban,12,2,3,1,0,1,1,0,0,77,66,32,48,31,40,29,180,36.0,0,1,1
1835,Male,State Board,Government,Semi-Urban,12,4,2,1,0,3,0,1,1,83,65,35,46,37,28,34,180,36.0,0,1,1
1836,Male,ICSE,Private,Urban,12,4,4,1,0,4,0,1,2,90,78,39,25,50,45,58,217,43.4,1,1,1
1837,Female,CBSE,Private,Rural,9,2,2,0,1,3,0,1,0,61,62,31,34,23,46,7,141,28.2,0,0,1
1838,Male,CBSE,Government,Urban,12,3,2,1,0,2,1,0,2,66,58,30,21,16,28,28,123,24.6,1,0,1
1839,Female,State Board,Private,Rural,10,4,3,2,0,5,1,0,1,83,61,42,32,50,51,36,211,42.2,1,1,1
1840,Female,CBSE,Government,Semi-Urban,9,0,2,1,0,2,1,1,0,81,52,22,22,20,44,36,144,28.8,1,1,1
1841,Male,CBSE,Government,Semi-Urban,10,4,2,3,1,1,1,0,1,75,58,37,32,17,37,29,152,30.4,0,0,1
1842,Female,CBSE,Private,Urban,12,4,3,1,0,0,1,1,0,84,100,32,44,15,35,40,166,33.2,0,0,1
1843,Male,CBSE,Private,Semi-Urban,11,1,3,2,0,5,1,0,2,79,48,22,32,37,41,37,169,33.8,0,0,1
1844,Female,ICSE,Private,Semi-Urban,10,1,4,1,0,4,1,1,2,85,59,29,34,17,23,26,129,25.8,0,0,1
1845,Male,State Board,Private,Urban,12,4,3,1,1,3,0,0,0,76,58,28,34,21,23,42,148,29.6,1,0,1
1846,Male,CBSE,Government,Semi-Urban,10,2,1,1,0,2,1,0,0,77,60,40,34,33,23,37,167,33.4,1,0,1
1847,Male,CBSE,Private,Rural,12,0,2,1,0,2,1,1,1,54,59,24,35,29,46,33,167,33.4,0,0,1
1848,Female,CBSE,Government,Semi-Urban,12,2,5,1,0,1,1,0,0,68,70,29,16,21,22,42,130,26.0,1,0,1
1849,Male,State Board,Private,Semi-Urban,12,2,3,2,0,2,1,1,0,73,34,14,25,23,18,30,110,22.0,0,0,1
1850,Female,ICSE,Government,Urban,11,3,4,3,0,0,1,1,1,71,83,37,17,18,19,43,134,26.8,1,0,1
1851,Male,CBSE,Private,Semi-Urban,10,3,1,1,1,2,0,1,0,70,76,21,26,20,33,30,130,26.0,0,0,1
1852,Female,State Board,Government,Urban,9,4,3,0,0,3,1,1,0,69,42,32,29,33,34,29,157,31.4,1,1,1
1853,Male,State Board,Government,Semi-Urban,9,2,1,1,1,4,1,0,2,59,24,39,23,17,35,24,138,27.6,0,0,1
1854,Female,State Board,Private,Rural,9,2,3,1,0,3,1,0,2,75,47,37,22,26,38,30,153,30.6,0,1,1
1855,Male,State Board,Government,Semi-Urban,9,2,5,1,0,4,1,1,2,74,60,21,20,19,23,30,113,22.6,0,1,1
1856,Male,CBSE,Private,Urban,12,2,5,2,0,5,1,1,2,62,100,24,19,49,33,57,182,36.4,0,0,1
1857,Male,State Board,Government,Urban,10,1,3,3,0,5,1,1,0,66,74,35,32,37,48,37,189,37.8,1,0,1
1858,Male,CBSE,Government,Semi-Urban,10,4,3,3,0,4,0,1,0,78,32,18,24,35,27,30,134,26.8,0,0,1
1859,Female,State Board,Government,Semi-Urban,11,4,5,1,0,3,0,1,0,69,52,39,24,42,44,35,184,36.8,1,0,1
1860,Male,State Board,Government,Rural,10,2,3,2,0,2,1,0,2,58,64,28,40,17,26,57,168,33.6,1,0,1
1861,Female,State Board,Private,Rural,10,3,1,2,0,4,1,1,2,69,69,36,24,28,24,22,134,26.8,1,0,1
1862,Male,ICSE,Government,Semi-Urban,10,1,3,1,0,6,0,1,1,78,41,27,46,12,30,24,139,27.8,1,1,1
1863,Female,CBSE,Private,Urban,11,2,2,1,0,4,1,1,2,65,62,51,48,62,23,18,202,40.4,0,0,1
1864,Male,CBSE,Private,Urban,9,3,3,2,0,6,1,1,1,85,52,69,19,36,34,37,195,39.0,1,1,1
1865,Male,State Board,Government,Urban,10,2,3,1,0,1,1,1,0,66,45,23,25,33,27,27,135,27.0,1,0,1
1866,Female,State Board,Private,Urban,11,4,3,1,0,1,0,0,1,79,69,34,25,15,35,25,134,26.8,1,1,1
1867,Male,CBSE,Private,Semi-Urban,11,3,2,1,0,4,1,1,0,79,78,40,8,45,22,32,147,29.4,1,0,1
1868,Male,CBSE,Private,Semi-Urban,12,2,2,2,0,3,1,1,0,74,80,32,18,50,33,34,167,33.4,1,0,1
1869,Female,CBSE,Government,Semi-Urban,11,3,3,1,0,5,1,1,1,64,75,31,45,35,32,33,176,35.2,0,0,1
1870,Female,State Board,Government,Urban,9,1,4,3,0,3,1,0,1,72,56,20,49,17,23,32,141,28.2,1,1,1
1871,Male,State Board,Private,Urban,10,2,3,2,0,2,0,0,1,96,77,22,41,29,34,43,169,33.8,1,0,1
1872,Male,CBSE,Private,Urban,11,2,2,2,0,3,1,1,1,66,70,36,33,6,25,37,137,27.4,0,1,1
1873,Female,CBSE,Private,Urban,9,2,5,0,0,1,0,1,0,96,67,28,31,30,46,41,176,35.2,1,1,1
1874,Male,State Board,Government,Rural,11,3,5,2,0,1,0,1,1,62,53,0,40,31,36,35,142,28.4,0,1,1
1875,Male,State Board,Private,Urban,11,2,2,1,0,4,1,1,1,80,56,39,55,31,46,37,208,41.6,0,0,1
1876,Male,CBSE,Private,Semi-Urban,11,3,1,0,0,4,1,1,0,69,66,35,28,30,30,33,156,31.2,1,1,1
1877,Female,ICSE,Private,Urban,11,3,4,1,0,4,1,1,2,72,100,56,20,44,32,33,185,37.0,1,1,1
1878,Female,CBSE,Government,Rural,11,2,4,1,0,0,0,1,1,59,70,27,1,27,24,19,98,19.6,1,0,1
1879,Male,CBSE,Private,Semi-Urban,9,4,5,2,0,2,1,1,1,69,53,17,44,13,30,26,130,26.0,1,0,1
1880,Male,ICSE,Government,Urban,10,1,4,0,0,1,1,0,2,72,50,5,26,26,21,34,112,22.4,0,1,1
1881,Male,ICSE,Government,Semi-Urban,10,1,3,1,0,5,1,0,2,70,56,28,35,56,23,37,179,35.8,1,1,1
1882,Female,State Board,Private,Semi-Urban,10,2,3,1,0,2,1,1,2,98,100,34,20,23,39,46,162,32.4,0,0,1
1883,Male,ICSE,Government,Rural,10,2,1,3,0,1,1,1,0,53,57,31,13,19,17,9,89,17.8,0,1,1
1884,Male,State Board,Government,Urban,9,0,2,2,1,3,1,0,0,76,81,31,26,47,37,44,185,37.0,0,0,1
1885,Female,CBSE,Government,Rural,12,3,3,2,0,2,0,0,0,67,58,38,28,36,33,22,157,31.4,1,0,1
1886,Male,CBSE,Private,Rural,12,2,3,1,0,5,0,1,0,59,69,20,28,25,44,21,138,27.6,0,0,1
1887,Female,CBSE,Private,Rural,9,2,3,0,1,2,1,0,2,76,79,43,21,32,20,27,143,28.6,1,0,1
1888,Male,CBSE,Government,Semi-Urban,9,4,4,3,0,1,1,1,1,71,54,36,19,26,32,53,166,33.2,1,1,1
1889,Male,State Board,Private,Semi-Urban,11,3,2,1,0,0,1,1,0,55,53,3,34,13,15,18,83,16.6,0,0,1
1890,Male,State Board,Private,Semi-Urban,11,4,3,1,0,3,1,0,0,86,94,55,42,37,29,37,200,40.0,1,0,1
1891,Female,CBSE,Government,Rural,11,1,1,2,0,2,0,1,0,53,82,25,29,19,19,21,113,22.6,0,0,1
1892,Female,CBSE,Private,Semi-Urban,10,3,3,0,0,1,0,0,1,69,79,34,19,28,40,27,148,29.6,0,0,1
1893,Female,State Board,Private,Semi-Urban,11,4,4,2,1,5,1,1,1,86,79,34,11,31,38,33,147,29.4,1,1,1
1894,Male,CBSE,Private,Semi-Urban,12,3,3,1,0,4,0,0,2,76,73,49,29,20,51,36,185,37.0,0,1,1
1895,Female,ICSE,Government,Semi-Urban,10,3,5,1,0,3,1,0,2,84,100,31,32,39,48,52,202,40.4,1,0,1
1896,Male,State Board,Private,Rural,11,2,2,0,0,5,1,0,0,82,65,48,41,53,35,41,218,43.6,1,1,0
1897,Male,ICSE,Private,Urban,10,1,3,1,0,4,1,0,0,73,75,44,67,34,47,24,216,43.2,1,0,1
1898,Female,CBSE,Government,Rural,12,2,2,2,0,2,1,0,0,72,38,16,31,20,30,22,119,23.8,1,1,1
1899,Male,CBSE,Government,Semi-Urban,11,2,3,2,1,1,1,1,0,67,50,44,50,29,14,17,154,30.8,0,1,1
1900,Male,State Board,Government,Rural,12,4,4,1,1,4,1,1,2,87,43,39,40,32,54,36,201,40.2,0,0,1
1901,Male,ICSE,Government,Semi-Urban,12,1,3,0,0,4,0,1,1,68,87,42,27,51,37,47,204,40.8,0,1,1
1902,Male,CBSE,Private,Urban,12,4,4,2,1,3,1,1,1,90,20,16,33,28,30,28,135,27.0,0,0,1
1903,Male,State Board,Government,Rural,11,4,2,2,0,2,1,1,1,73,57,52,47,35,22,29,185,37.0,0,0,1
1904,Female,CBSE,Government,Urban,9,1,4,1,0,4,1,1,0,78,20,18,47,20,41,47,173,34.6,1,0,1
1905,Male,State Board,Private,Rural,11,2,1,1,0,2,0,1,0,63,50,34,16,26,28,31,135,27.0,0,1,1
1906,Female,CBSE,Government,Semi-Urban,12,4,4,1,0,3,1,1,1,73,56,26,36,35,41,40,178,35.6,1,0,1
1907,Female,State Board,Private,Semi-Urban,11,4,2,2,0,5,1,1,1,58,89,33,23,35,34,58,183,36.6,0,1,1
1908,Male,CBSE,Government,Urban,12,2,2,3,0,2,1,1,0,77,72,39,37,23,38,34,171,34.2,0,1,1
1909,Male,CBSE,Government,Semi-Urban,9,2,3,1,0,1,1,1,1,78,50,38,42,19,37,7,143,28.6,0,0,1
1910,Male,CBSE,Government,Urban,10,2,5,2,0,1,1,1,2,76,84,21,32,33,26,40,152,30.4,1,0,1
1911,Female,CBSE,Government,Urban,9,3,1,1,0,4,1,1,1,45,65,42,22,34,16,14,128,25.6,0,1,1
1912,Male,State Board,Government,Urban,9,2,2,1,1,3,0,1,1,62,65,37,29,23,32,30,151,30.2,0,0,1
1913,Female,State Board,Private,Urban,10,3,4,1,0,3,1,1,1,72,43,23,35,32,16,14,120,24.0,1,0,1
1914,Male,CBSE,Private,Rural,11,1,2,2,0,2,1,1,1,72,47,42,25,23,27,20,137,27.4,1,1,1
1915,Female,CBSE,Government,Rural,10,0,2,1,0,4,1,1,2,67,50,15,30,28,25,25,123,24.6,0,1,1
1916,Male,State Board,Private,Urban,11,2,3,1,0,2,1,1,2,78,65,26,29,27,44,23,149,29.8,1,0,1
1917,Male,State Board,Private,Semi-Urban,11,2,2,1,0,3,0,0,0,86,66,37,41,30,28,28,164,32.8,1,1,1
1918,Female,ICSE,Private,Urban,12,2,5,1,0,2,0,0,1,69,92,25,39,57,44,43,208,41.6,1,0,1
1919,Female,CBSE,Government,Semi-Urban,12,2,4,0,0,2,1,1,0,81,71,38,23,35,29,27,152,30.4,0,0,1
1920,Male,CBSE,Government,Rural,10,2,3,2,0,2,1,1,0,69,20,26,12,28,33,28,127,25.4,0,1,1
1921,Female,ICSE,Government,Rural,9,1,5,1,0,2,1,0,1,68,69,30,27,33,52,21,163,32.6,0,1,1
1922,Male,CBSE,Private,Semi-Urban,10,2,3,2,0,3,1,1,2,78,38,38,36,25,19,27,145,29.0,1,0,1
1923,Female,ICSE,Private,Rural,11,4,1,1,0,3,1,1,0,88,47,32,34,44,37,36,183,36.6,0,0,1
1924,Female,CBSE,Government,Urban,12,2,2,1,0,0,1,1,0,79,50,28,17,20,52,14,131,26.2,1,1,1
1925,Male,State Board,Government,Rural,10,2,3,1,0,2,1,0,0,55,53,38,28,35,27,13,141,28.2,0,0,1
1926,Male,CBSE,Private,Urban,10,3,2,1,0,2,1,0,1,82,40,38,25,24,30,34,151,30.2,0,0,1
1927,Male,ICSE,Private,Semi-Urban,12,4,5,1,0,5,1,1,0,87,68,53,51,31,52,54,241,48.2,0,0,1
1928,Female,CBSE,Private,Semi-Urban,12,1,4,1,1,1,1,1,0,74,39,12,26,25,24,22,109,21.8,0,1,1
1929,Female,ICSE,Private,Semi-Urban,12,3,2,2,0,3,1,1,1,90,71,42,32,22,19,31,146,29.2,1,0,1
1930,Male,CBSE,Government,Urban,11,3,3,2,0,5,1,1,0,78,100,35,44,45,55,44,223,44.6,1,0,0
1931,Male,ICSE,Private,Rural,12,3,4,1,0,1,1,1,1,46,41,11,35,9,3,23,81,16.2,1,0,1
1932,Female,ICSE,Private,Urban,9,1,5,1,0,4,1,0,2,82,59,36,29,30,32,38,165,33.0,1,0,1
1933,Female,ICSE,Government,Semi-Urban,10,3,4,1,0,2,1,1,0,70,20,18,29,10,38,0,95,19.0,1,0,1
1934,Female,ICSE,Private,Urban,12,1,3,1,1,2,0,1,1,85,59,35,25,53,23,15,151,30.2,1,0,1
1935,Male,ICSE,Private,Urban,12,3,4,0,1,2,1,1,1,89,76,45,39,17,29,27,157,31.4,0,0,1
1936,Male,State Board,Government,Semi-Urban,11,3,3,2,0,2,1,1,1,76,77,15,25,31,42,34,147,29.4,1,1,1
1937,Male,CBSE,Private,Semi-Urban,11,1,3,1,0,7,1,1,1,96,66,37,44,53,36,46,216,43.2,1,0,0
1938,Female,State Board,Private,Urban,10,4,1,1,0,4,0,1,0,78,81,22,46,44,24,42,178,35.6,1,0,1
1939,Male,CBSE,Private,Urban,9,0,1,1,0,5,0,1,2,86,100,34,27,43,40,40,184,36.8,1,1,1
1940,Female,CBSE,Government,Semi-Urban,10,4,3,1,0,4,0,1,2,83,95,46,26,34,39,27,172,34.4,1,1,1
1941,Male,CBSE,Government,Rural,12,2,2,2,0,1,1,1,0,64,55,22,10,36,12,38,118,23.6,1,1,1
1942,Female,CBSE,Private,Rural,9,1,1,0,0,4,0,0,0,77,38,22,15,35,34,40,146,29.2,0,0,1
1943,Female,State Board,Government,Urban,9,1,4,1,0,5,1,1,0,69,57,49,40,35,40,22,186,37.2,0,0,1
1944,Female,State Board,Private,Urban,9,4,1,2,0,2,0,0,0,75,47,3,11,26,22,29,91,18.2,1,1,1
1945,Male,State Board,Private,Urban,9,1,3,1,0,4,0,0,1,66,73,44,27,26,28,25,150,30.0,1,1,1
1946,Male,CBSE,Government,Urban,10,1,3,2,0,4,0,1,0,77,43,23,33,17,33,29,135,27.0,0,0,1
1947,Male,CBSE,Private,Semi-Urban,11,2,5,2,0,6,0,0,0,83,63,39,42,48,51,49,229,45.8,0,0,0
1948,Female,CBSE,Private,Semi-Urban,11,3,3,1,1,2,1,0,2,91,80,31,30,46,32,56,195,39.0,0,1,1
1949,Female,CBSE,Government,Urban,12,2,1,2,0,1,1,1,0,82,63,43,28,17,34,34,156,31.2,1,0,1
1950,Female,CBSE,Private,Urban,11,1,3,1,0,2,1,1,2,77,47,16,28,24,34,30,132,26.4,0,0,1
1951,Female,CBSE,Private,Urban,11,2,4,1,0,5,0,1,1,68,86,38,34,33,46,33,184,36.8,1,0,0
1952,Female,CBSE,Private,Rural,11,1,5,1,0,0,0,0,0,74,31,26,17,18,20,21,102,20.4,0,1,1
1953,Male,ICSE,Private,Rural,11,1,3,1,0,0,1,0,1,81,59,10,47,25,17,39,138,27.6,0,1,1
1954,Female,State Board,Private,Urban,12,2,2,2,0,3,1,0,1,87,64,25,40,41,29,32,167,33.4,1,1,1
1955,Male,State Board,Private,Urban,10,3,5,2,1,2,0,1,0,90,65,30,55,21,35,22,163,32.6,0,0,1
1956,Male,State Board,Private,Rural,9,1,2,3,0,3,1,0,0,67,68,21,23,18,47,12,121,24.2,0,0,1
1957,Male,ICSE,Private,Rural,11,2,3,2,0,4,1,1,1,65,75,27,32,44,30,39,172,34.4,0,0,1
1958,Male,CBSE,Private,Semi-Urban,10,2,3,1,0,2,0,1,2,72,64,25,14,21,36,30,126,25.2,0,1,1
1959,Male,ICSE,Government,Urban,11,4,1,1,1,0,1,0,1,74,58,32,16,10,21,18,97,19.4,1,1,1
1960,Female,State Board,Private,Urban,11,4,2,1,0,6,0,1,0,79,57,35,56,30,39,48,208,41.6,0,1,1
1961,Male,CBSE,Government,Semi-Urban,9,4,2,1,1,2,1,1,1,77,53,41,23,24,45,25,158,31.6,1,0,1
1962,Female,CBSE,Government,Urban,9,1,3,1,1,1,0,1,1,73,79,16,43,39,33,23,154,30.8,0,1,1
1963,Male,State Board,Government,Urban,9,1,5,3,0,5,1,0,1,73,53,23,21,41,22,34,141,28.2,1,0,1
1964,Male,CBSE,Private,Semi-Urban,11,2,2,1,0,2,0,1,1,72,80,49,18,39,24,25,155,31.0,1,0,1
1965,Male,ICSE,Private,Urban,11,2,4,1,1,3,1,1,1,89,65,29,30,40,47,37,183,36.6,1,0,1
1966,Male,ICSE,Private,Rural,11,2,1,1,0,4,0,1,2,70,55,17,27,36,30,40,150,30.0,1,0,1
1967,Female,CBSE,Private,Urban,9,3,3,2,0,5,1,0,1,78,76,23,48,30,28,28,157,31.4,0,1,1
1968,Male,CBSE,Private,Urban,12,4,1,2,0,2,1,1,1,72,51,40,32,24,20,33,149,29.8,0,0,1
1969,Female,CBSE,Private,Semi-Urban,10,4,5,2,0,5,1,1,0,66,76,38,35,28,48,42,191,38.2,1,1,1
1970,Male,CBSE,Private,Urban,12,2,4,1,0,0,1,1,2,93,68,29,29,27,41,32,158,31.6,0,0,1
1971,Female,CBSE,Government,Rural,11,3,3,2,0,4,1,1,2,70,54,33,29,38,34,42,176,35.2,0,0,1
1972,Female,State Board,Government,Semi-Urban,11,2,4,0,0,2,1,0,0,58,74,42,21,30,56,31,180,36.0,0,0,1
1973,Female,CBSE,Private,Urban,12,1,3,2,0,5,0,0,1,87,74,35,26,47,45,40,193,38.6,0,0,1
1974,Male,CBSE,Private,Semi-Urban,11,3,5,1,0,3,1,1,0,89,85,65,50,27,39,47,228,45.6,1,0,1
1975,Male,CBSE,Government,Urban,10,0,4,1,1,2,0,0,2,76,82,30,9,31,20,22,112,22.4,0,0,1
1976,Male,State Board,Government,Rural,11,2,5,1,0,4,1,1,1,80,73,50,54,24,29,41,198,39.6,0,0,1
1977,Female,CBSE,Private,Urban,10,2,3,2,0,4,0,0,0,82,44,39,26,29,34,27,155,31.0,1,1,1
1978,Male,CBSE,Government,Semi-Urban,12,3,1,0,0,4,1,1,2,60,100,38,29,43,33,36,179,35.8,0,1,1
1979,Male,State Board,Private,Urban,12,3,3,2,0,1,1,1,0,83,39,22,33,23,44,23,145,29.0,1,1,1
1980,Female,State Board,Private,Semi-Urban,11,2,1,1,1,2,1,1,2,82,82,35,45,35,46,36,197,39.4,0,0,0
1981,Male,CBSE,Government,Rural,10,4,3,1,0,3,1,1,1,58,72,39,44,22,40,34,179,35.8,1,0,1
1982,Female,State Board,Government,Rural,11,2,3,1,0,3,0,1,0,70,43,22,31,8,15,30,106,21.2,0,0,1
1983,Male,CBSE,Private,Urban,9,2,3,1,1,4,1,1,0,63,62,34,41,35,25,31,166,33.2,0,1,1
1984,Male,CBSE,Private,Urban,9,3,1,1,1,0,0,0,0,89,63,37,6,40,37,8,128,25.6,0,0,1
1985,Female,CBSE,Private,Rural,9,3,2,1,0,4,1,1,1,61,88,58,30,24,31,36,179,35.8,0,0,1
1986,Male,CBSE,Private,Rural,9,4,3,2,0,3,1,1,1,60,52,40,20,40,42,31,173,34.6,1,0,1
1987,Female,State Board,Government,Urban,11,1,5,1,0,2,1,0,0,73,60,50,42,29,36,33,190,38.0,1,0,1
1988,Male,CBSE,Private,Semi-Urban,9,3,2,3,0,2,0,1,0,84,22,17,18,8,23,16,82,16.4,0,1,1
1989,Male,CBSE,Private,Urban,10,3,3,2,0,3,0,0,0,81,96,44,43,22,29,23,161,32.2,0,0,1
1990,Female,State Board,Private,Rural,12,4,4,2,0,0,0,1,1,62,45,35,26,20,21,27,129,25.8,0,0,1
1991,Female,State Board,Government,Urban,12,1,3,1,0,2,0,0,1,69,70,19,18,21,29,24,111,22.2,0,1,1
1992,Female,CBSE,Private,Urban,9,3,2,1,0,2,0,1,0,68,63,23,20,12,38,29,122,24.4,0,0,1
1993,Male,ICSE,Private,Rural,9,3,3,1,0,4,1,0,1,67,63,53,47,15,26,32,173,34.6,1,0,1
1994,Female,CBSE,Government,Urban,9,2,2,2,1,2,0,1,0,85,79,20,20,18,26,28,112,22.4,0,0,1
1995,Male,State Board,Government,Semi-Urban,11,2,5,2,0,3,1,1,2,74,95,25,38,37,39,33,172,34.4,1,1,1
1996,Male,ICSE,Private,Semi-Urban,12,2,1,0,1,5,1,1,2,88,69,54,29,35,45,28,191,38.2,1,1,1
1997,Female,State Board,Government,Urban,9,3,2,0,1,4,1,1,1,89,76,51,34,31,30,43,189,37.8,1,1,1
1998,Male,CBSE,Government,Urban,10,4,1,2,0,4,1,1,2,69,70,40,33,34,22,28,157,31.4,0,1,1
1999,Female,CBSE,Government,Semi-Urban,9,3,2,1,0,2,1,0,2,73,83,34,25,41,40,35,175,35.0,1,0,1
2000,Male,CBSE,Private,Urban,12,3,4,2,0,4,1,1,2,100,56,36,28,40,24,43,171,34.2,1,0,1
